Row Type,Category ID,Category Name,Variant Key,Variant Label,Item #,Text,Options (pipe-delimited),NA Option #,Informational Only (Y/N),URL,Source,Evidence Type
Question,terrain,Terrain & Route Profile,,,1,What best describes the terrain you'll be covering?,"Mostly flat, non-technical (road, gravel, buffed trail) | Rolling hills, mostly runnable or easily walkable trail | Mountainous, with sustained climbs and descents | Highly technical — scrambling, loose rock, exposed ridgelines, or route-finding required",,N,,,
Question,terrain,Terrain & Route Profile,,,2,Roughly how much elevation gain/loss does the route have?,"Under 50 ft of gain per mile (~9 m/km, flat) | 50–150 ft per mile (~9–28 m/km, rolling) | 150–300 ft per mile (~28–57 m/km, mountainous) | Over 300 ft per mile (~57+ m/km), or sustained steep grades",,N,,,
Question,terrain,Terrain & Route Profile,,,3,How much training have you done on terrain that matches the route?,Extensive — most long efforts mimic this terrain | Some — a few key sessions on similar terrain | Limited — mostly different terrain than what's ahead | None — this will be my first time on this type of terrain,,N,,,
Question,terrain,Terrain & Route Profile,,,4,How familiar are you with the actual route?,I've covered all or most of it in training or recon | I've studied the elevation profile and maps closely | I've glanced at the route info briefly | I know almost nothing about the specific route,,N,,,
Question,terrain,Terrain & Route Profile,,,5,"How confident are you in the technical skills this route demands (descending loose footing, scrambling, stream crossings, route-finding)?","Very confident — I've practiced these specifically | Comfortable, with some practice | A little rusty or untested | Not confident, or never practiced",,N,,,
Question,environment,Environment & Climate,,,1,What environment will you be moving through?,"Similar to what I train in year-round | Moderately different (some added heat, humidity, or altitude) | Significantly different (desert heat, high altitude, rain forest humidity, or deep cold) | Extreme and unfamiliar — I've never trained or spent time in this climate",,N,,,
Question,environment,Environment & Climate,,,2,How does the elevation ahead compare to where you live and train?,"Same or very close | Moderately higher, and I'll arrive at least a week early to adjust | Moderately higher, but I'm arriving less than 72 hours before the start | Much higher (2,000+ ft / 610+ m difference), with no acclimation plan",,N,,,
Question,environment,Environment & Climate,,,3,Have you done any heat or humidity acclimation training for this event?,"Yes, a dedicated block of heat training | Some sessions in the heat or humidity | I've thought about it but haven't done it | No — and it will be much hotter or more humid than my training",,N,,,
Question,environment,Environment & Climate,,,4,"If cold, wet, or highly variable weather is possible, have you trained and tested gear in those conditions?","Yes, extensively — I know how my body and gear respond | Some exposure and testing | Minimal — a session or two | None, and conditions could be extreme",,N,,,
Question,environment,Environment & Climate,,,5,"How prepared are you for weather swings on the days ahead (temperature, rain, wind)?","I have layers and a plan for multiple scenarios | General plan, but haven't tested every piece | One setup packed, hoping for the best | Haven't thought about it",,N,,,
Question,gear,Gear & Tools,ultra,Ultramarathon,1,Have you reviewed and packed your event's mandatory or recommended gear list?,"Yes, fully — everything is checked off and tested | Mostly — a couple items still need attention | I've glanced at it but haven't packed | I haven't checked the gear list",,N,,,
Question,gear,Gear & Tools,ultra,Ultramarathon,2,"Have you used your key gear (trekking poles, headlamp, hydration vest, pack, or backpack) extensively before now?","Yes — all of it, on long training days | Most of it | Only briefly, or just one or two items | No — this is new gear I haven't tested",,N,,,
Question,gear,Gear & Tools,ultra,Ultramarathon,3,Are your shoes or boots broken in and matched to the terrain?,"Yes, well broken in and terrain-appropriate | Broken in, but not ideal for this terrain | Fairly new, limited miles on them | Brand new or untested for this distance/terrain",,N,,,
Question,gear,Gear & Tools,ultra,Ultramarathon,4,"Do you have backup/contingency gear (spare batteries, extra layers, backup navigation)?","Yes, fully stocked and packed | Some backups packed | Minimal backups | None",,N,,,
Question,gear,Gear & Tools,ultra,Ultramarathon,5,"If your event involves moving after dark, how comfortable are you on this terrain with a headlamp?","Very comfortable — extensive night training | Comfortable, some night practice | Not tested much | Not tested at all, and it's likely I'll be out after dark | Not applicable — my event won't require moving after dark",5,N,,,
Question,gear,Gear & Tools,ultra,Ultramarathon,6,"If your event spans multiple days or nights, is your shelter and sleep system (tent, bag or quilt, pad) tested and adequate for expected conditions?","Yes, tested in similar conditions | Tested, but not in conditions this extreme | Untested, or borrowed/brand-new gear | No shelter/sleep system sorted yet, and I'll need one | Not applicable — my event is single-day with no overnight stops",5,N,,,
Question,gear,Gear & Tools,hike,Long-Distance Hike,1,Have you reviewed and packed your event's mandatory or recommended gear list?,"Yes, fully — everything is checked off and tested | Mostly — a couple items still need attention | I've glanced at it but haven't packed | I haven't checked the gear list",,N,,,
Question,gear,Gear & Tools,hike,Long-Distance Hike,2,"Have you used your key gear (trekking poles, headlamp, hydration vest, pack, or backpack) extensively before now?","Yes — all of it, on long training days | Most of it | Only briefly, or just one or two items | No — this is new gear I haven't tested",,N,,,
Question,gear,Gear & Tools,hike,Long-Distance Hike,3,Are your shoes or boots broken in and matched to the terrain?,"Yes, well broken in and terrain-appropriate | Broken in, but not ideal for this terrain | Fairly new, limited miles on them | Brand new or untested for this distance/terrain",,N,,,
Question,gear,Gear & Tools,hike,Long-Distance Hike,4,"Do you have backup/contingency gear (spare batteries, extra layers, backup navigation)?","Yes, fully stocked and packed | Some backups packed | Minimal backups | None",,N,,,
Question,gear,Gear & Tools,hike,Long-Distance Hike,5,"If your event involves moving after dark, how comfortable are you on this terrain with a headlamp?","Very comfortable — extensive night training | Comfortable, some night practice | Not tested much | Not tested at all, and it's likely I'll be out after dark | Not applicable — my event won't require moving after dark",5,N,,,
Question,gear,Gear & Tools,hike,Long-Distance Hike,6,"If your event spans multiple days or nights, is your shelter and sleep system (tent, bag or quilt, pad) tested and adequate for expected conditions?","Yes, tested in similar conditions | Tested, but not in conditions this extreme | Untested, or borrowed/brand-new gear | No shelter/sleep system sorted yet, and I'll need one | Not applicable — my event is single-day with no overnight stops",5,N,,,
Question,gear,Gear & Tools,mountaineering,Mountaineering,1,"Have you reviewed and packed your objective's required technical gear — harness, rope, protection, ice axe, crampons — matched to the route's actual demands?","Yes, fully — everything is checked, tested, and matched to the route | Mostly — a couple items still need attention | I've glanced at the list but haven't packed | I haven't worked out what technical gear this route requires",,N,,,
Question,gear,Gear & Tools,mountaineering,Mountaineering,2,"Are you genuinely competent with your technical gear — ice axe self-arrest, crampon technique, rope systems — not just carrying it?","Yes — practiced and confident with all of it | Comfortable with most of it | Only briefly practiced, or just one or two skills | No — this is gear I haven't practiced with",,N,,,
Question,gear,Gear & Tools,mountaineering,Mountaineering,3,"Are your mountaineering boots broken in and properly fitted to your crampons (no heel lift, secure fit)?","Yes, well broken in and crampons fit perfectly | Broken in, but crampon fit hasn't been tested | Fairly new, limited use | Brand new or untested with crampons",,N,,,
Question,gear,Gear & Tools,mountaineering,Mountaineering,4,"Do you have backup/contingency gear (headlamp batteries, a repair kit, extra layers) for critical gear failures?","Yes, fully stocked and packed | Some backups packed | Minimal backups | None",,N,,,
Question,gear,Gear & Tools,mountaineering,Mountaineering,5,"Is your layering system tested for the actual wind, cold, and precipitation you'll face at this objective's elevation?","Yes, tested in similar conditions | Tested, but not in conditions this extreme | Untested, or borrowed/brand-new gear | Not sorted yet",,N,,,
Question,gear,Gear & Tools,mountaineering,Mountaineering,6,"If your route involves glacier travel or crevasse hazard, do you have crevasse rescue gear and know how to use it?","Yes, gear packed and I'm practiced with the systems | Gear packed, but rescue systems are rusty | Gear packed, but I don't really know the systems | No crevasse rescue plan despite the hazard | Not applicable — no glacier travel or crevasse hazard on this route",5,N,,,
Question,gear,Gear & Tools,skimo,Ski Mountaineering (Skimo),1,"Have you reviewed and packed your race's mandatory or recommended gear list (transceiver, shovel, probe, helmet, etc.)?","Yes, fully — everything is checked off and tested | Mostly — a couple items still need attention | I've glanced at it but haven't packed | I haven't checked the gear list",,N,,,
Question,gear,Gear & Tools,skimo,Ski Mountaineering (Skimo),2,"Are you genuinely comfortable and practiced on your actual race setup — skis, boots, bindings, skins — not just a general touring setup?","Yes — trained extensively on my actual race gear | Mostly, with a few sessions on race gear | Only briefly tested my race gear | No — planning to use it for the first time on race day",,N,,,
Question,gear,Gear & Tools,skimo,Ski Mountaineering (Skimo),3,Are your race boots properly fitted for both the uphill (walk mode) and downhill (ski mode) demands?,"Yes, dialed in for both modes | Good in one mode, untested in the other | Fairly new, limited testing | Brand new or untested",,N,,,
Question,gear,Gear & Tools,skimo,Ski Mountaineering (Skimo),4,"Do you have backup/contingency gear (extra skin glue or straps, a spare pole basket, layers for changing conditions)?","Yes, fully stocked and packed | Some backups packed | Minimal backups | None",,N,,,
Question,gear,Gear & Tools,skimo,Ski Mountaineering (Skimo),5,Is your layering system tested for the temperature swings between uphill effort and downhill descent?,"Yes, tested and dialed in | Tested, but not across the full range | Untested, or borrowed/brand-new gear | Not sorted yet",,N,,,
Question,gear,Gear & Tools,skimo,Ski Mountaineering (Skimo),6,"Do you know how to use your avalanche safety gear (transceiver, shovel, probe) competently, not just carry it?","Yes — practiced companion rescue scenarios | Comfortable with the basics | Own it, but haven't really practiced | No real competency with this gear",,N,,,
Question,nutrition,Nutrition & Hydration,,,1,"Have you trained your on-trail fueling plan under conditions similar to what's ahead (heat, altitude, humidity)?","Yes, repeatedly, matching expected conditions | Somewhat, though not in matching conditions | I have a plan but haven't tested it | I don't have a tested fueling plan",,N,,,
Question,nutrition,Nutrition & Hydration,,,2,Have you established and tested a fueling rate (calories or carbs per hour) for sustained effort?,"Yes, tested and tolerated on long training days | I have a target with limited testing | Rough idea, not really tested | No plan",,N,,,
Question,nutrition,Nutrition & Hydration,,,3,How dialed in is your hydration and electrolyte strategy for the conditions ahead?,"Well-tested plan, tuned to the environment | General plan — drink to thirst with some electrolyte use | Loose plan, not really tested | No real plan",,N,,,
Question,nutrition,Nutrition & Hydration,,,4,"Have you had GI issues on past long efforts, and do you have a plan to manage them?","No history of issues, or a well-practiced management plan | Occasional issues, general idea of what to adjust | Frequent issues, no clear plan | Frequent issues and no plan at all",,N,,,
Question,nutrition,Nutrition & Hydration,,,5,How many of your 'go-to' trail foods have you actually tested on long training days?,3–5+ tested options I know work for me | 1–2 tested options | Untested — planning to rely on aid stations or resupply | Haven't thought about food variety at all,,N,,,
Question,nutrition,Nutrition & Hydration,,,6,"If your event spans multiple days, do you have a resupply or food-carry plan sized for the distance between resupply points?","Yes, calculated and packed/planned | Rough plan, not fully calculated | Vague idea — figuring it out as I go | No plan | Not applicable — single-day event with full support",5,N,,,
Question,training,Training & Fitness Readiness,build,6-12 Weeks Out (Build),1,Where are you in your aerobic base / muscular endurance progression?,"Aerobic base is solid and I've moved into loaded uphill / muscular-endurance-specific work | Still building aerobic base, with some uphill-specific work mixed in | Mostly easy miles — haven't added uphill-specific loading yet | No structured progression — it's the same type of training every week | I don't know — I'm not tracking this",,N,,,
Question,training,Training & Fitness Readiness,build,6-12 Weeks Out (Build),2,How is your weekly vertical gain/loss tracking against what the event demands?,"Tracking it, and on pace to match or exceed race demands by taper | Tracking it, but currently behind where I'd like to be | Not tracking vertical specifically, just time or distance | No elevation-specific training at all",,N,,,
Question,training,Training & Fitness Readiness,build,6-12 Weeks Out (Build),3,Have you built a general strength foundation before adding heavier loaded uphill work?,"Yes, general strength is in place and I'm progressing into loaded/uphill-specific work | Some strength work, but inconsistent | Just started, or planning to start soon | No strength training in my plan",,N,,,
Question,training,Training & Fitness Readiness,build,6-12 Weeks Out (Build),4,How are your longest efforts progressing toward race-specific time-on-feet and terrain?,"Building steadily — recent long efforts are approaching race-like duration/terrain | Progressing, but a step behind schedule | Long efforts have stalled or plateaued | Haven't started building toward race-specific long efforts yet",,N,,,
Question,training,Training & Fitness Readiness,build,6-12 Weeks Out (Build),5,"How are you monitoring fatigue and recovery as training load increases (resting heart rate, subjective feedback, sleep)?","Actively monitoring and adjusting training based on it | Paying loose attention, no formal tracking | Not really monitoring, just pushing through the plan | No monitoring, and I've noticed signs of accumulating fatigue",,N,,,
Question,training,Training & Fitness Readiness,build,6-12 Weeks Out (Build),6,Any injury or illness in the past 4–6 weeks that's disrupted training?,"None | Minor, fully resolved | Recent, mostly recovered but not 100% | Current, unresolved injury or illness",,N,,,
Question,training,Training & Fitness Readiness,taper,3 Weeks Out (Taper),1,"Looking back at your training block, how well did your volume/mileage buildup match what's ahead?","Well-matched, gradual build with adequate long efforts | Mostly matched, with a few gaps | Undertrained relative to the distance | Significantly undertrained",,N,,,
Question,training,Training & Fitness Readiness,taper,3 Weeks Out (Taper),2,Any injury or illness in the past 4–6 weeks?,"None | Minor, fully resolved | Recent, mostly recovered but not 100% | Current, unresolved injury or illness",,N,,,
Question,training,Training & Fitness Readiness,taper,3 Weeks Out (Taper),3,Did your long days or back-to-back efforts get you close to the time-on-feet you'll need?,"Yes, multiple sessions at or near the expected duration | Some, but shorter than what's ahead | Limited | None",,N,,,
Question,training,Training & Fitness Readiness,taper,3 Weeks Out (Taper),4,Did your climbing/descending training match the route's elevation demands?,"Yes, closely matched | Somewhat matched | Limited elevation-specific training | Little to none, for a mountainous route",,N,,,
Question,training,Training & Fitness Readiness,taper,3 Weeks Out (Taper),5,"Are you executing your taper right now — reducing volume while keeping some intensity, not just stopping?","Yes — deliberate taper, reduced volume, maintained some intensity | Reducing volume, but I've also basically stopped everything | Haven't really started tapering yet | Still at full training volume with under 3 weeks to go",,N,,,
Question,training,Training & Fitness Readiness,taper,3 Weeks Out (Taper),6,Are you resisting the urge to add a 'confidence-boosting' hard effort or big vert day in these final weeks?,"Yes — nothing new or hard planned before the event | Mostly, though I have one moderate effort planned | I have a big/hard session planned in the next week or two | I've already done a big hard effort very recently, close to the event",,N,,,
Question,training,Training & Fitness Readiness,firstUltraExtra,"ADDED if ""first ultra"" checked",1,How long have you been running consistently before considering this?,More than a year of consistent training | 6 months to a year | Less than 6 months | Just starting out,,N,,,
Question,training,Training & Fitness Readiness,firstUltraExtra,"ADDED if ""first ultra"" checked",2,"Can your training availability support the minimum weekly volume your target distance needs during peak training weeks — 6 hours/week for a 50K or 50-miler, or 9 hours/week for a 100K or 100-miler?","Yes — I can realistically hit that during peak training weeks | Close, but I'd need to make some real adjustments to get there | Not currently — my available time falls well short of that | I haven't worked out what my target distance actually requires",,N,,,
Question,training,Training & Fitness Readiness,firstUltraExtra,"ADDED if ""first ultra"" checked",3,"Have you progressed through shorter distances first — 10K, half marathon, marathon — before aiming for your first ultra?","Yes, I've built up through those distances | I've done a half marathon or marathon, but that's it | I've only done shorter races (5K/10K) | This would be my first real race of any distance",,Y,,,
Question,training,Training & Fitness Readiness,firstUltraExtra,"ADDED if ""first ultra"" checked",4,"Are you currently free of chronic or nagging injuries, and have you been building volume gradually rather than jumping straight to ultra-level training?","Yes — healthy, and I've increased volume gradually | One minor niggle I'm managing, nothing serious | A recurring issue that flares up under higher volume | An active injury, or I've been ramping volume up fast",,N,,,
Question,training,Training & Fitness Readiness,firstUltraExtra,"ADDED if ""first ultra"" checked",5,"Do you realistically have the time this will take — several hours a week, growing as training builds — without it colliding with work, family, or other major commitments?","Yes, I've thought this through and the time is there | Mostly, though it'll be tight some weeks | Not really — I haven't figured out where this fits | Haven't thought about the time commitment at all",,N,,,
Question,training,Training & Fitness Readiness,firstUltraExtra,"ADDED if ""first ultra"" checked",6,"Do you have a support system in place — training partners, family, friends, or a coach who get what you're taking on?","Yes — real support from people who understand this | Some support, but I'm mostly on my own | My circle doesn't really get it yet | Haven't thought about this",,N,,,
Question,training,Training & Fitness Readiness,firstUltraExtra,"ADDED if ""first ultra"" checked",7,"Do you understand that walking — especially uphill — is a normal, smart part of ultra racing, not a sign of failure?","Yes, and I already practice a run/walk strategy in training | I understand it intellectually but haven't practiced it | Not really — I assume I should be running the whole way | Never thought about it",,N,,,
Question,training,Training & Fitness Readiness,firstUltraExtra,"ADDED if ""first ultra"" checked",8,"Do you have a specific race that genuinely speaks to you — one you're all in on, not just ""an ultra"" in the abstract?","Yes — I have a specific race I'm fully committed to | I have one in mind, but not fully committed yet | I know I want to do an ultra, but haven't picked one | Nothing specific in mind yet",,N,,,
Question,training,Training & Fitness Readiness,firstUltraExtra,"ADDED if ""first ultra"" checked",9,How consistent has your weekly running actually been?,"Very consistent — 4+ days most weeks, minimal gaps | Fairly consistent — 3–4 days most weeks, some gaps | Inconsistent — sporadic, stop-and-start | Just getting started / not yet running regularly",,N,,,
Question,training,Training & Fitness Readiness,firstHikeExtra,"ADDED if ""first hike"" checked",1,"Have you built up gradually — day hikes, then overnight trips — before attempting this, or is this jumping straight to multi-day?","Yes, I've progressively built up through day hikes and overnight trips | I've done a few overnights, but not a lot | I've only day-hiked, never spent a night on trail | This would be my first time hiking overnight at all",,N,,,
Question,training,Training & Fitness Readiness,firstHikeExtra,"ADDED if ""first hike"" checked",2,Have you trained hiking with a fully loaded pack — matching your actual trip weight — not just an empty or lightly-loaded one?,"Yes, multiple training hikes at or near my actual trip weight | A few training hikes, but lighter than my real pack will be | Only hiked with a light daypack, never near full weight | Haven't trained with a loaded pack at all",,N,,,
Question,training,Training & Fitness Readiness,firstHikeExtra,"ADDED if ""first hike"" checked",3,"Have you hiked multiple consecutive days in a row before, to know how your body holds up on day 2, 3, or beyond?","Yes, several consecutive-day trips under my belt | One or two back-to-back days, nothing longer | Only single-day efforts, never back-to-back | No consecutive-day experience at all",,N,,,
Question,training,Training & Fitness Readiness,firstHikeExtra,"ADDED if ""first hike"" checked",4,Is your planned route matched to your experience — not requiring complex navigation or extreme remoteness for a first attempt?,"Yes, I chose a well-established, appropriately-scoped route | Mostly, though it has some remote or technical sections | It's fairly remote or complex for a first attempt | Haven't thought about how the route matches my experience",,N,,,
Question,training,Training & Fitness Readiness,firstHikeExtra,"ADDED if ""first hike"" checked",5,"Have you planned and budgeted for the full trip — resupply costs, lodging or permits, gear, and an emergency buffer?","Yes, fully planned and budgeted | Mostly planned, a few gaps left | Only loosely thought about it | Haven't planned or budgeted at all",,N,,,
Question,training,Training & Fitness Readiness,firstHikeExtra,"ADDED if ""first hike"" checked",6,"Do you have a support system in place — someone managing resupply boxes, checking in on your progress, or a hiking partner?","Yes — real support from people who understand this | Some support, but I'm mostly on my own | My circle doesn't really get it yet | Haven't thought about this",,N,,,
Question,training,Training & Fitness Readiness,firstHikeExtra,"ADDED if ""first hike"" checked",7,"Do you have a specific trail or route that genuinely speaks to you — one you're all in on, not just ""a long hike"" in the abstract?","Yes — I have a specific trail I'm fully committed to | I have one in mind, but not fully committed yet | I know I want to do a long hike, but haven't picked one | Nothing specific in mind yet",,N,,,
Question,training,Training & Fitness Readiness,firstHikeExtra,"ADDED if ""first hike"" checked",8,"Have you been actively researching and planning — route, gear, resupply points — rather than just deciding you want to do this?","Yes, deep into route/gear/resupply research already | Some research done, more to go | Only surface-level research so far | Haven't really started researching yet",,N,,,
Question,training,Training & Fitness Readiness,firstMountaineeringExtra,"ADDED if ""first mountaineering"" checked",1,"Have you built a solid aerobic base first — mostly easy, sustainable effort — before adding intensity or objective-specific training?","Yes, aerobic base first, then added specificity | Mostly, though I've mixed in intensity earlier than ideal | Not really — I've gone mostly straight to hard training | No structured base-building at all",,N,,,
Question,training,Training & Fitness Readiness,firstMountaineeringExtra,"ADDED if ""first mountaineering"" checked",2,"Has your training followed a gradual, continuous progression, rather than big jumps in volume or intensity that risk injury or overtraining?","Yes, steady and gradual throughout | Mostly gradual, with a couple of bigger jumps | Several big jumps in volume or intensity | No real structure — sporadic and inconsistent",,N,,,
Question,training,Training & Fitness Readiness,firstMountaineeringExtra,"ADDED if ""first mountaineering"" checked",3,Have you trained functional strength and muscular endurance specific to your objective — carrying a loaded pack for hours — not just general gym strength?,"Yes, loaded-pack specific training built in | Some, but mostly generic gym strength work | Little to none, mostly just cardio | Haven't trained strength specifically at all",,N,,,
Question,training,Training & Fitness Readiness,firstMountaineeringExtra,"ADDED if ""first mountaineering"" checked",4,"Have you taken a mountaineering course or gone with a qualified guide to learn core technical skills — ice axe, crampon use, self-arrest, rope or glacier travel — before attempting this unguided?","Yes, formal course or guide training completed | Some instruction, but not comprehensive | Self-taught from videos/reading only | No technical training at all",,N,,,
Question,training,Training & Fitness Readiness,firstMountaineeringExtra,"ADDED if ""first mountaineering"" checked",5,"Is your planned objective appropriately scoped for a first attempt — a non-technical peak within your current skill level, not the hardest option available?","Yes, deliberately chosen well within my skill level | Mostly, though it has some harder sections | It's fairly ambitious for a first attempt | Haven't really thought about how it matches my skill level",,N,,,
Question,training,Training & Fitness Readiness,firstMountaineeringExtra,"ADDED if ""first mountaineering"" checked",6,"If your route crosses avalanche terrain, do you have avalanche safety training (like AIARE Level 1) and real competency with a beacon, shovel, and probe?","Yes, trained and genuinely competent with the gear | Some training, but rusty on the gear | Own the gear, but no formal training | No avalanche training, and route may cross avalanche terrain",,N,,,
Question,training,Training & Fitness Readiness,firstMountaineeringExtra,"ADDED if ""first mountaineering"" checked",7,Do you have a competent partner or team with matching skills and experience for roped or technical sections?,"Yes, a partner/team with matching skills and experience | Partner is less experienced than me, or vice versa | Going with people I haven't climbed with before | Planning to go solo on terrain that really calls for a partner",,N,,,
Question,training,Training & Fitness Readiness,firstMountaineeringExtra,"ADDED if ""first mountaineering"" checked",8,"Do you have a clear, pre-decided turnaround plan and the discipline to use it, regardless of how close you are to the summit?","Yes, specific turnaround criteria decided in advance | General idea, nothing specific | No real plan — I'll decide in the moment | I tend to push on regardless of warning signs",,N,,,
Question,training,Training & Fitness Readiness,firstMountaineeringExtra,"ADDED if ""first mountaineering"" checked",9,"Do you have wilderness first aid training (yours or a partner's), given how far this objective may be from professional help?","Yes, WFA/WFR trained (me or my partner) | Basic first aid only, nothing wilderness-specific | No formal training at all | Haven't thought about this",,N,,,
Question,training,Training & Fitness Readiness,firstMountaineeringExtra,"ADDED if ""first mountaineering"" checked",10,"Do you know how to read mountain weather — both pre-trip forecasts and in-field signs like cloud buildup, wind shifts, and pressure changes — well enough to make a real go/no-go call?","Yes — I check detailed forecasts beforehand and can read field signs to know when to turn back | I check forecasts beforehand, but wouldn't catch changing conditions in the field | Some general weather awareness, but nothing specific to this route or season | No real weather knowledge beyond a basic app forecast",,N,,,
Question,training,Training & Fitness Readiness,firstSkimoExtra,"ADDED if ""first skimo"" checked",1,"Have you built a solid aerobic base through consistent training, before adding race-pace intensity?","Yes, aerobic base first, then race-pace work added | Mostly, though intensity crept in early | Not really — mostly race-pace effort so far | No structured base-building at all",,N,,,
Question,training,Training & Fitness Readiness,firstSkimoExtra,"ADDED if ""first skimo"" checked",2,Can your weekly training hours support what ski mountaineering racing actually demands — building toward several hours a week as your race approaches?,"Yes, realistically building toward peak-week hours | Close, but would need real adjustments | Well under what's needed, and no plan to close the gap | Haven't worked out what my race actually demands",,N,,,
Question,training,Training & Fitness Readiness,firstSkimoExtra,"ADDED if ""first skimo"" checked",3,"Are you a confident, competent skier on ungroomed, off-piste, and expert-level terrain — not just groomed runs — since race courses often go off-piste?","Yes, fully comfortable on ungroomed/expert terrain | Reasonably comfortable, some terrain still challenges me | Mostly a groomed-run skier so far | Not confident off-piste at all",,N,,,
Question,training,Training & Fitness Readiness,firstSkimoExtra,"ADDED if ""first skimo"" checked",4,"Have you trained and practiced on your actual race gear — skis, boots, bindings — rather than planning to use it for the first time on race day?","Yes, multiple sessions on my actual race gear | A little time on it, not much | Only tried it briefly, or not at all | Planning to use unfamiliar gear on race day",,N,,,
Question,training,Training & Fitness Readiness,firstSkimoExtra,"ADDED if ""first skimo"" checked",5,Have you practiced your skin-to-ski transitions until they're fast and automatic?,"Yes, practiced repeatedly until automatic | A few practice runs, still a bit clumsy | Rarely practiced | Never practiced transitions at all",,N,,,
Question,training,Training & Fitness Readiness,firstSkimoExtra,"ADDED if ""first skimo"" checked",6,"Do you have a plan for managing fatigue and recovery if you're racing or training back-to-back, not just for a single event?","Yes, recovery planned as deliberately as training | General idea, nothing specific | No real plan for managing fatigue | Haven't thought about this",,N,,,
Question,training,Training & Fitness Readiness,firstSkimoExtra,"ADDED if ""first skimo"" checked",7,"Do you have real competency with mandatory avalanche safety gear — beacon, shovel, probe — not just ownership of it?","Yes, genuinely practiced and competent | Own the gear, but rusty on using it | Borrowed/rented gear, minimal practice | No real competency with this gear",,N,,,
Question,training,Training & Fitness Readiness,firstSkimoExtra,"ADDED if ""first skimo"" checked",8,"Do you understand the actual race format and course structure — transitions, mandatory gear checks, marked route — so race day isn't your first exposure to how it works?","Yes, researched the format and course structure | General idea of what to expect | Not really, planning to figure it out on the day | No idea what the race format actually involves",,N,,,
Question,training,Training & Fitness Readiness,firstSkimoExtra,"ADDED if ""first skimo"" checked",9,"Do you know how to read mountain weather signs — cloud buildup, wind shifts, temperature changes — well enough to make good calls about training days and backcountry conditions?","Yes — I actively read forecasts and field signs to inform my decisions | I check forecasts, but don't have strong field-reading skills | Some general awareness, but not specific to how weather affects snow and visibility | No real weather knowledge beyond a basic app forecast",,N,,,
Question,medical,Medical & Injury History,,,1,"Do you have any pre-existing medical conditions relevant to sustained endurance effort (heart, respiratory, metabolic, etc.)?","None | Yes, well-managed and cleared by a doctor for this event | Yes, and I haven't discussed this event with a doctor | Yes, and it's a known risk factor I haven't addressed",,N,,,
Question,medical,Medical & Injury History,,,2,"Have you had any injury or pain issues in the past 6 months, and are they fully resolved?","No injury or pain issues in the past 6 months | Had an issue, but it's fully resolved now | Ongoing issue, partially resolved or being managed | Current, unresolved injury or pain",,N,,,
Question,medical,Medical & Injury History,,,3,"Do you take medications or have allergies that need special consideration out on the trail (e.g. exercise-induced asthma, anaphylaxis)?","No | Yes, and I carry what I need, and anyone with me knows how to help | Yes, but I haven't planned for it during the event | Yes, and I don't have my medication with me during the event",,N,,,
Question,medical,Medical & Injury History,,,4,"Do you fall into a higher-risk age group for heat illness (under 15 or over 65), or have other age-related risk factors?","No | Yes, but I've accounted for it in pacing/cooling strategy | Yes, and I haven't adjusted my plan | Not sure / haven't considered it",,N,,,
Question,medical,Medical & Injury History,,,5,"Have you had a serious heat illness, hyponatremia, hypernatremia, rhabdomyolysis, or similar medical event during a long effort before?","No | Yes, mild, and I know my warning signs now | Yes, moderate to serious, and I have a plan to prevent it recurring | Yes, serious, and I haven't changed my approach",,N,,,
Question,safety,Safety & Emergency Preparedness,,,1,Have you told someone your trip plan and expected finish or return window?,"Yes, someone knows my plan and check-in points | Yes, in general terms | No, but I plan to | No | Not applicable — organized event with registration, bib tracking, and check-ins already in place",5,N,,,
Question,safety,Safety & Emergency Preparedness,,,2,"Do you know where to find medical help — on-course aid stations and EMS, plus the nearest hospital or urgent care off-course — and the event's emergency contact number, if any?","Yes — I know on-course medical support, the nearest hospital/urgent care, and have any event emergency number saved | I know the on-course aid stations, but haven't looked into off-course hospitals, urgent care, or an emergency number | I have a rough idea, but haven't confirmed any of this | I haven't looked into this at all | Not applicable — organized event with on-course medical staff and established emergency protocols",5,N,,,
Question,safety,Safety & Emergency Preparedness,,,3,"Do you carry ID/medical information (Road ID, medical bracelet, emergency contacts) while out there?",Always | Usually | Rarely | Never,,N,,,
Question,safety,Safety & Emergency Preparedness,,,4,"How confident are you recognizing the early warning signs of heat illness, hyponatremia, or hypothermia in yourself?",Very confident — I know the signs and what to do | Somewhat familiar | Vague idea | Not familiar at all,,N,,,
Question,safety,Safety & Emergency Preparedness,,,5,"For remote sections of the route, do you have a backup navigation/communication plan (map, charged phone, whistle, PLB)?","Yes, fully equipped | Partially equipped | Relying only on trail markings/signage | No backup plan",,N,,,
Question,safety,Safety & Emergency Preparedness,,,6,Do you know what to do if you or someone with you needs emergency help mid-event?,"Yes, clearly | Roughly | Not really | No idea",,N,,,
Question,safety,Safety & Emergency Preparedness,,,7,"How familiar are you with serious exertion-related conditions (rhabdomyolysis, hyperthermia, hypothermia, hypernatremia, hyponatremia, etc.) and exactly what to do if you or someone with you starts showing symptoms?","Very familiar — I know the symptoms and the exact steps to take for each | Familiar with the common ones, less sure on rarer ones like rhabdomyolysis | Vague general awareness — wouldn't know the exact steps | Not familiar with these at all",,N,,,
Question,logistics,Event Logistics & Support,,,1,"Do you have a support plan in place — crew, pacer, or hiking partner, if applicable?","Yes, briefed and confirmed | Yes, but not fully briefed | Loosely planned | No plan, or haven't thought about it",,N,,,
Question,logistics,Event Logistics & Support,,,2,Do you have a drop bag or resupply strategy?,"Yes, packed and planned by stop | Partially planned | Vague idea | No plan / not packed",,N,,,
Question,logistics,Event Logistics & Support,,,3,"How familiar are you with checkpoints, aid stations, or resupply points along the way, and any cutoffs or mileage targets?",Very familiar — I've mapped my pace against cutoffs/targets | Generally familiar | Only vaguely aware | Not familiar at all,,N,,,
Question,logistics,Event Logistics & Support,,,4,Do you have a communication/check-in plan with anyone supporting you?,"Yes, clear check-in points | General plan | Loose or unclear | No plan",,N,,,
Question,mental,Mental Readiness & Pacing,,,1,Is your pacing plan based on realistic training paces and the route profile?,"Yes, data-driven and realistic | Mostly, with some guesswork | Loosely planned | No plan — I'll go out and see how I feel",,N,,,
Question,mental,Mental Readiness & Pacing,,,2,Have you trained specifically for the fatigue and decision-making challenges of this distance (long efforts deep into fatigue)?,"Yes, extensively | Some exposure | Limited | None — this is a big step up in distance/duration for me",,N,,,
Question,mental,Mental Readiness & Pacing,,,3,Have you defined your own turn-around or stopping criteria ahead of time (what would make you call it)?,"Yes, clearly defined | Roughly in mind | Not really thought about it | No",,N,,,
Question,mental,Mental Readiness & Pacing,,,4,"How much experience do you have managing the mental low points of a long effort (night hours, low motivation stretches)?","Significant experience, know my strategies | Some experience | Limited | None",,N,,,
Question,recovery,Recovery Plan,,,1,"Do you have a post-event recovery plan (nutrition, sleep, light movement) for the days after?","Yes, planned | General idea | Not really | No plan",,N,,,
Question,recovery,Recovery Plan,,,2,"Do you have a plan for addressing any injury or issue that comes up during the event, afterward?",Yes — I know when/how I'd seek medical follow-up | General idea | Vague | No plan,,N,,,
Question,recovery,Recovery Plan,,,3,Do you have a realistic return-to-training timeline planned post-event?,"Yes, planned with a gradual return | Rough idea | No real plan | I plan to jump back into hard training immediately",,N,,,
Question,recovery,Recovery Plan,,,4,Do you typically debrief or reflect on big efforts to capture lessons for next time?,"Yes, consistently | Sometimes | Rarely | Never",,N,,,
Learn More - Article,terrain,Terrain & Route Profile,,,,An Introduction to Downhill Trail Running Techniques,,,,https://www.irunfar.com/an-introduction-to-downhill-trail-running-techniques,iRunFar,
Learn More - Video,terrain,Terrain & Route Profile,,,,Run Fast Downhill | How to Run Technical Trails,,,,https://www.youtube.com/watch?v=EIJ_4g4S6vA,,
Checklist Item Link,terrain,Terrain & Route Profile,,,1,Add training sessions on terrain that matches the route's technicality and grade,,,,https://www.irunfar.com/an-introduction-to-downhill-trail-running-techniques,,
Checklist Item Link,terrain,Terrain & Route Profile,,,2,Study the elevation profile and route maps in detail,,,,https://nolimitsendurance.com/how-to-read-an-elevation-profile/,,
Checklist Item Link,terrain,Terrain & Route Profile,,,3,"Cover key sections of the actual route in training or recon, if possible",,,,https://nolimitsendurance.com/how-to-read-an-elevation-profile/,,
Checklist Item Link,terrain,Terrain & Route Profile,,,4,"Practice the specific technical skills the route demands (descending, scrambling, route-finding)",,,,https://www.youtube.com/watch?v=EIJ_4g4S6vA,,
Learn More - Article,environment,Environment & Climate,,,,Handle the Heat: Heat Acclimation for Endurance Running,,,,https://www.irunfar.com/handle-the-heat-heat-acclimation-for-endurance-running,iRunFar,
Learn More - Video,environment,Environment & Climate,,,,Mountaineering 101: High Altitude & Acclimatization,,,,https://www.youtube.com/watch?v=T_DLqHYafko,,
Checklist Item Link,environment,Environment & Climate,,,1,"Add dedicated heat, humidity, or altitude-specific sessions in the time you have left",,,,https://www.irunfar.com/handle-the-heat-heat-acclimation-for-endurance-running,,
Checklist Item Link,environment,Environment & Climate,,,2,"If traveling to altitude, arrive at least a week early — or as close to start time as possible if that's not feasible",,,,https://www.youtube.com/watch?v=T_DLqHYafko,,
Checklist Item Link,environment,Environment & Climate,,,3,Test cold or wet-weather gear and your layering system in similar conditions,,,,https://trailrunner.com/trail-news/what-should-i-wear-how-to-layer-for-cold-weather-trail-runs/,,
Checklist Item Link,environment,Environment & Climate,,,4,"Pack a weather contingency plan for temperature swings, rain, or wind",,,,https://trailrunner.com/trail-news/what-should-i-wear-how-to-layer-for-cold-weather-trail-runs/,,
Learn More - Article,gear,Gear & Tools,ultra,Ultramarathon,,4 Running Pole Techniques Trail and Ultrarunners Should Master,,,,https://trainright.com/4-running-pole-techniques-trail-and-ultrarunners-should-master/,Jason Koop / CTS,
Learn More - Video,gear,Gear & Tools,ultra,Ultramarathon,,How to Use Poles in Trail Running — The Ultimate Guide,,,,https://www.youtube.com/watch?v=ljr5WltXKnM,,
Learn More - Article,gear,Gear & Tools,hike,Long-Distance Hike,,4 Running Pole Techniques Trail and Ultrarunners Should Master,,,,https://trainright.com/4-running-pole-techniques-trail-and-ultrarunners-should-master/,Jason Koop / CTS,
Learn More - Video,gear,Gear & Tools,hike,Long-Distance Hike,,How to Use Poles in Trail Running — The Ultimate Guide,,,,https://www.youtube.com/watch?v=ljr5WltXKnM,,
Learn More - Article,gear,Gear & Tools,mountaineering,Mountaineering,,How to Use an Ice Axe for Mountaineering,,,,https://www.rei.com/learn/expert-advice/how-to-use-an-ice-axe-for-mountaineering.html,REI Expert Advice,
Learn More - Video,gear,Gear & Tools,mountaineering,Mountaineering,,Ice Axe Arrest / Self Arrest (Glenmore Lodge),,,,https://www.youtube.com/watch?v=94QFImjdEAo,,
Learn More - Article,gear,Gear & Tools,skimo,Ski Mountaineering (Skimo),,A Beginner's Guide to Skimo Racing,,,,https://www.voile.com/blog/a-beginners-guide-to-skimo-racing/,Voile,
Learn More - Video,gear,Gear & Tools,skimo,Ski Mountaineering (Skimo),,Fast Transition from Skiing to Skinning (Mike Foote / Uphill Athlete),,,,https://www.youtube.com/watch?v=DIfaLT6MW8E,,
Checklist Item Link,gear,Gear & Tools,ultra,Ultramarathon,1,"Take poles, headlamp, and pack/vest on long training days before race day",,,,https://trainright.com/4-running-pole-techniques-trail-and-ultrarunners-should-master/,,
Checklist Item Link,gear,Gear & Tools,ultra,Ultramarathon,2,Break in footwear on terrain similar to the route,,,,https://www.ultrapedestrian.com/how-to-break-in-trail-running-shoes/,,
Checklist Item Link,gear,Gear & Tools,ultra,Ultramarathon,3,Pack backups for anything battery-powered or easy to lose,,,,https://trainright.com/the-complete-ultramarathon-checklist-what-to-pack-for-race-day/,,
Checklist Item Link,gear,Gear & Tools,ultra,Ultramarathon,4,"If overnight, test your full shelter/sleep system in conditions close to what's expected",,,,https://trainright.com/the-complete-ultramarathon-checklist-what-to-pack-for-race-day/,,
Checklist Item Link,gear,Gear & Tools,hike,Long-Distance Hike,1,"Take poles, headlamp, and pack/vest on long training days before race day",,,,https://trainright.com/4-running-pole-techniques-trail-and-ultrarunners-should-master/,,
Checklist Item Link,gear,Gear & Tools,hike,Long-Distance Hike,2,Break in footwear on terrain similar to the route,,,,https://www.ultrapedestrian.com/how-to-break-in-trail-running-shoes/,,
Checklist Item Link,gear,Gear & Tools,hike,Long-Distance Hike,3,Pack backups for anything battery-powered or easy to lose,,,,https://trainright.com/the-complete-ultramarathon-checklist-what-to-pack-for-race-day/,,
Checklist Item Link,gear,Gear & Tools,hike,Long-Distance Hike,4,"If overnight, test your full shelter/sleep system in conditions close to what's expected",,,,https://trainright.com/the-complete-ultramarathon-checklist-what-to-pack-for-race-day/,,
Checklist Item Link,gear,Gear & Tools,mountaineering,Mountaineering,1,"Match your technical gear — harness, rope, protection, ice axe, crampons — to your route's actual demands, not a generic list",,,,https://aukcliff.com/blogs/news/beginner-mountaineering-guide,,
Checklist Item Link,gear,Gear & Tools,mountaineering,Mountaineering,2,"Practice ice axe self-arrest, crampon technique, and rope systems until they're second nature, not just something you own",,,,https://www.rei.com/learn/expert-advice/how-to-use-crampons.html,,
Checklist Item Link,gear,Gear & Tools,mountaineering,Mountaineering,3,Fit-test your crampons on your actual mountaineering boots before the trip — a poor fit or heel lift causes real problems on technical terrain,,,,https://www.alpineascents.com/blog/gear/how-to-fit-crampons/,,
Checklist Item Link,gear,Gear & Tools,mountaineering,Mountaineering,4,"Pack backups for critical gear — headlamp batteries, a basic repair kit, extra layers",,,,https://aukcliff.com/blogs/news/beginner-mountaineering-guide,,
Checklist Item Link,gear,Gear & Tools,mountaineering,Mountaineering,5,Test your full layering system in conditions as close to your objective's as you can get beforehand,,,,https://www.rei.com/learn/expert-advice/what-to-wear-mountaineering.html,,
Checklist Item Link,gear,Gear & Tools,mountaineering,Mountaineering,6,"If your route crosses glaciated terrain, carry a crevasse rescue kit and practice the rescue systems before you need them",,,,https://www.rei.com/learn/expert-advice/crevasse-rescue-skills.html,,
Checklist Item Link,gear,Gear & Tools,skimo,Ski Mountaineering (Skimo),1,"Review your race's mandatory/recommended gear list — transceiver, shovel, probe, helmet — well before race day",,,,https://www.usaskimo.org/what-to-expect-in-your-first-skimo-race/,,
Checklist Item Link,gear,Gear & Tools,skimo,Ski Mountaineering (Skimo),2,"Train and race on your actual race setup — skis, boots, bindings, skins — not a general touring kit you've never really tested",,,,https://www.voile.com/blog/a-beginners-guide-to-skimo-racing/,,
Checklist Item Link,gear,Gear & Tools,skimo,Ski Mountaineering (Skimo),3,"Fit-test your race boots in both walk mode and ski mode before race day, not for the first time at the start line",,,,https://www.voile.com/blog/a-beginners-guide-to-skimo-racing/,,
Checklist Item Link,gear,Gear & Tools,skimo,Ski Mountaineering (Skimo),4,"Pack backups — extra skin glue or straps, a spare pole basket, layers for changing conditions",,,,http://www.skintrack.com/tips-tricks-advice/6-tips-to-get-ready-for-your-first-ski-mountaineering-race/,,
Checklist Item Link,gear,Gear & Tools,skimo,Ski Mountaineering (Skimo),5,Test your layering system across the full range — you'll run hot on the uphill and cold fast on the descent,,,,https://www.switchbacktravel.com/info/layer-backcountry-skiing,,
Checklist Item Link,gear,Gear & Tools,skimo,Ski Mountaineering (Skimo),6,"Practice with your beacon, shovel, and probe until you're genuinely competent, not just equipped",,,,https://www.usaskimo.org/what-to-expect-in-your-first-skimo-race/,,
Learn More - Article,nutrition,Nutrition & Hydration,,,,Fueling for an Ultramarathon: A Complete Guide to Race Day Nutrition,,,,https://relentlessforwardcommotion.com/fueling-for-an-ultramarathon-a-complete-guide-to-race-day-nutrition/,Relentless Forward Commotion,
Learn More - Video,nutrition,Nutrition & Hydration,,,,Inside a Pro-Level Ultrarunning Fueling Strategy,,,,https://www.youtube.com/watch?v=N0bNkyFmoBc,,
Checklist Item Link,nutrition,Nutrition & Hydration,,,1,"Test your fueling plan under conditions matching what's ahead (heat, altitude, humidity)",,,,https://relentlessforwardcommotion.com/fueling-for-an-ultramarathon-a-complete-guide-to-race-day-nutrition/,,
Checklist Item Link,nutrition,Nutrition & Hydration,,,2,Lock in a tested calories/carbs-per-hour target,,,,https://www.youtube.com/watch?v=N0bNkyFmoBc,,
Checklist Item Link,nutrition,Nutrition & Hydration,,,3,Narrow down 3–5 go-to foods you know you tolerate,,,,https://relentlessforwardcommotion.com/fueling-for-an-ultramarathon-a-complete-guide-to-race-day-nutrition/,,
Checklist Item Link,nutrition,Nutrition & Hydration,,,4,"If multi-day, calculate a resupply/food-carry plan for the distance between stops",,,,https://relentlessforwardcommotion.com/the-beginners-guide-to-packing-an-ultramarathon-drop-bag/,,
Learn More - Article,training,Training & Fitness Readiness,build,6-12 Weeks Out (Build),,Muscular Endurance for Mountain Athletes: Why Your Legs Fail,,,,https://uphillathlete.com/strength-training/muscular-endurance-for-mountain-athletes/,Uphill Athlete,
Learn More - Video,training,Training & Fitness Readiness,build,6-12 Weeks Out (Build),,Muscular Endurance Training with Uphill Athlete Coaches,,,,https://www.youtube.com/watch?v=GlXUVUuIep0,,
Learn More - Article,training,Training & Fitness Readiness,taper,3 Weeks Out (Taper),,Tapering for Ultrarunning: Boost Race Performance and Prevent Taper Tantrums,,,,https://trainright.com/tapering-ultrarunning-prevent-taper-tantrum/,CTS,
Learn More - Video,training,Training & Fitness Readiness,taper,3 Weeks Out (Taper),,Ultramarathon Taper Tips,,,,https://www.youtube.com/watch?v=chfvgll_hS4,,
Learn More - Article,training,Training & Fitness Readiness,firstUltraExtra,"ADDED if ""first ultra"" checked",,The New Ultramarathon Runner's Four Year Training Plan,,,,https://trainright.com/new-ultramarathon-runner-four-year-training-plan/,Jason Koop / CTS,
Learn More - Video,training,Training & Fitness Readiness,firstUltraExtra,"ADDED if ""first ultra"" checked",,Guide To Running Your First Ultramarathon,,,,https://www.youtube.com/watch?v=bo7QzAGNfdo,,
Learn More - Article,training,Training & Fitness Readiness,firstHikeExtra,"ADDED if ""first hike"" checked",,How to Train for a Thru-Hike: Getting Trail Ready,,,,https://www.ula-equipment.com/2025/02/26/how-to-train-for-a-thru-hike/,ULA Equipment,
Learn More - Video,training,Training & Fitness Readiness,firstHikeExtra,"ADDED if ""first hike"" checked",,"30 Tips for First Time Thru Hikers (After 17,000 miles)",,,,https://www.youtube.com/watch?v=4_cIy2gVBAg,,
Learn More - Article,training,Training & Fitness Readiness,firstMountaineeringExtra,"ADDED if ""first mountaineering"" checked",,"How to Train for Alpinism: Building the Fitness for Long, Technical Mountain Days",,,,https://uphillathlete.com/alpinism/how-to-train-for-alpinism/,Uphill Athlete,
Learn More - Video,training,Training & Fitness Readiness,firstMountaineeringExtra,"ADDED if ""first mountaineering"" checked",,Training for Mountaineering Webinar with Steve House,,,,https://www.youtube.com/watch?v=V5TCSeYP6Wk,,
Learn More - Article,training,Training & Fitness Readiness,firstSkimoExtra,"ADDED if ""first skimo"" checked",,16-Week Basic Skimo Racing Training Plan,,,,https://uphillathlete.com/training-plans/16-week-basic-skimo-racing-training-plan/,Uphill Athlete,
Learn More - Video,training,Training & Fitness Readiness,firstSkimoExtra,"ADDED if ""first skimo"" checked",,"How to Train for Skiing and Ski Mountaineering (Stomp It Pod, w/ Uphill Athlete)",,,,https://www.youtube.com/watch?v=yYsgm8jf2Rk,,
Checklist Item Link,training,Training & Fitness Readiness,build,6-12 Weeks Out (Build),1,Layer muscular endurance (loaded uphill work) on top of your aerobic base — not instead of your easy volume,,,,https://uphillathlete.com/strength-training/muscular-endurance-for-mountain-athletes/,,
Checklist Item Link,training,Training & Fitness Readiness,build,6-12 Weeks Out (Build),2,Track weekly vertical gain/loss and compare it against the event's per-mile elevation demands,,,,https://uphillathlete.com/strength-training/muscular-endurance-for-mountain-athletes/,,
Checklist Item Link,training,Training & Fitness Readiness,build,6-12 Weeks Out (Build),3,Build a general strength foundation before progressing into heavier loaded/uphill-specific work,,,,https://uphillathlete.com/strength-training/strength-training-for-the-mountain-athlete/,,
Checklist Item Link,training,Training & Fitness Readiness,build,6-12 Weeks Out (Build),4,Push your longest efforts toward race-like time-on-feet and terrain over the coming weeks,,,,https://www.youtube.com/watch?v=GlXUVUuIep0,,
Checklist Item Link,training,Training & Fitness Readiness,build,6-12 Weeks Out (Build),5,"Address any nagging injury or fatigue signal now, while there's still time to adjust the plan",,,,https://uphillathlete.com/strength-training/muscular-endurance-for-mountain-athletes/,,
Checklist Item Link,training,Training & Fitness Readiness,taper,3 Weeks Out (Taper),1,Reduce volume while keeping some intensity/frequency — a taper isn't just stopping,,,,https://trainright.com/tapering-ultrarunning-prevent-taper-tantrum/,,
Checklist Item Link,training,Training & Fitness Readiness,taper,3 Weeks Out (Taper),2,Skip any new 'confidence-boosting' hard efforts or big vert days this close to the event,,,,https://www.youtube.com/watch?v=chfvgll_hS4,,
Checklist Item Link,training,Training & Fitness Readiness,taper,3 Weeks Out (Taper),3,"Give any lingering injury real attention now, not during the event",,,,https://trainright.com/tapering-ultrarunning-prevent-taper-tantrum/,,
Checklist Item Link,training,Training & Fitness Readiness,taper,3 Weeks Out (Taper),4,"Redirect the extra time and energy toward sleep, gear prep, and mental rehearsal instead of more training stress",,,,https://www.youtube.com/watch?v=chfvgll_hS4,,
Checklist Item Link,training,Training & Fitness Readiness,firstUltraExtra,"ADDED if ""first ultra"" checked",1,"Bank at least a year of consistent, patiently-built training before treating an ultra as the goal, not the stretch",,,,https://trainright.com/new-ultramarathon-runner-four-year-training-plan/,,
Checklist Item Link,training,Training & Fitness Readiness,firstUltraExtra,"ADDED if ""first ultra"" checked",2,"Know your target distance's minimum weekly hours during peak training — 6 hrs/week for a 50K or 50-miler, 9 hrs/week for a 100K or 100-miler — and build your schedule to actually hit it",,,,https://trainright.com/ultramarathon-training-time-required/,,
Checklist Item Link,training,Training & Fitness Readiness,firstUltraExtra,"ADDED if ""first ultra"" checked",3,"Increase weekly volume gradually and don't skip cutback weeks — big, fast jumps in mileage are the most common way new ultrarunners get hurt",,,,https://run.outsideonline.com/training/getting-started/myth-of-the-10-percent-rule/,,
Checklist Item Link,training,Training & Fitness Readiness,firstUltraExtra,"ADDED if ""first ultra"" checked",4,"Map out realistically where the training time will come from before you commit — work, family, and sleep don't pause for a training block",,,,https://ultrarunning.com/featured/training-for-an-ultra-on-a-busy-schedule/,,
Checklist Item Link,training,Training & Fitness Readiness,firstUltraExtra,"ADDED if ""first ultra"" checked",5,"Build your support system before race day — a training partner, family who understands the time commitment, or a coach",,,,https://trainright.com/new-ultramarathon-runner-four-year-training-plan/,,
Checklist Item Link,training,Training & Fitness Readiness,firstUltraExtra,"ADDED if ""first ultra"" checked",6,"Practice a run/walk strategy in training now — walking hills isn't failure, it's how almost every ultrarunner actually finishes",,,,https://relentlessforwardcommotion.com/run-walk-strategies-for-ultramarathon-why-they-work-how-to-execute-them/,,
Checklist Item Link,training,Training & Fitness Readiness,firstUltraExtra,"ADDED if ""first ultra"" checked",7,"Pick one specific race you're genuinely excited about and commit to it, rather than staying vague about ""doing an ultra someday""",,,,https://trainright.com/new-ultramarathon-runner-four-year-training-plan/,,
Checklist Item Link,training,Training & Fitness Readiness,firstHikeExtra,"ADDED if ""first hike"" checked",1,"Build up gradually — day hikes, then overnights, then multi-day trips — rather than jumping straight to your goal hike",,,,https://www.ula-equipment.com/2025/02/26/how-to-train-for-a-thru-hike/,,
Checklist Item Link,training,Training & Fitness Readiness,firstHikeExtra,"ADDED if ""first hike"" checked",2,"Train with your pack loaded to actual trip weight, not empty or lightly loaded — this is what most first-timers get wrong",,,,https://www.rei.com/learn/expert-advice/thru-hiking-goal-training.html,,
Checklist Item Link,training,Training & Fitness Readiness,firstHikeExtra,"ADDED if ""first hike"" checked",3,"Do at least one back-to-back multi-day trip before your goal hike, so you know what day 2 and 3 actually feel like",,,,https://www.the-backpacking-site.com/off-the-beaten-path/how-to-train-for-a-thru-hike/,,
Checklist Item Link,training,Training & Fitness Readiness,firstHikeExtra,"ADDED if ""first hike"" checked",4,"Pick a well-established, appropriately-scoped route for a first attempt — save the remote, technical routes for once you have miles under you",,,,https://stories.strava.com/articles/how-to-prepare-for-your-first-thru-hike,,
Checklist Item Link,training,Training & Fitness Readiness,firstHikeExtra,"ADDED if ""first hike"" checked",5,"Build a real budget — resupply, lodging/permits, gear, and an emergency buffer — running out of money ends more thru-hikes than injuries do",,,,https://www.cleverhiker.com/backpacking/21-pro-tips-for-the-first-time-thru-hiker/,,
Checklist Item Link,training,Training & Fitness Readiness,firstHikeExtra,"ADDED if ""first hike"" checked",6,Line up your support system now — someone to manage resupply boxes and check in on your progress,,,,https://www.cleverhiker.com/backpacking/21-pro-tips-for-the-first-time-thru-hiker/,,
Checklist Item Link,training,Training & Fitness Readiness,firstHikeExtra,"ADDED if ""first hike"" checked",7,"Commit to one specific trail you're genuinely excited about, rather than staying vague about ""doing a long hike someday""",,,,https://www.eathomas.com/skills/a-helpful-guide-to-start-planning-your-first-thru-hike,,
Checklist Item Link,training,Training & Fitness Readiness,firstHikeExtra,"ADDED if ""first hike"" checked",8,"Set aside real weekly time for route, gear, and resupply research — treat planning as part of the training, not an afterthought",,,,https://www.eathomas.com/skills/a-helpful-guide-to-start-planning-your-first-thru-hike,,
Checklist Item Link,training,Training & Fitness Readiness,firstMountaineeringExtra,"ADDED if ""first mountaineering"" checked",1,"Build your aerobic base first — roughly 85% of training volume should stay below your aerobic threshold, with intensity added only once that base is built",,,,https://uphillathlete.com/aerobic-training/,,
Checklist Item Link,training,Training & Fitness Readiness,firstMountaineeringExtra,"ADDED if ""first mountaineering"" checked",2,"Progress gradually and continuously — big jumps in volume or intensity are the fastest route to injury or overtraining, not to fitness",,,,https://uphillathlete.com/product/training-for-the-new-alpinism-book/,,
Checklist Item Link,training,Training & Fitness Readiness,firstMountaineeringExtra,"ADDED if ""first mountaineering"" checked",3,"Train muscular endurance specific to carrying a loaded pack for hours, not just raw gym strength — that's what actually gets taxed on the mountain",,,,https://uphillathlete.com/podcast/training-for-mountaineering-base-training/,,
Checklist Item Link,training,Training & Fitness Readiness,firstMountaineeringExtra,"ADDED if ""first mountaineering"" checked",4,"Take a mountaineering course or hire a guide to learn ice axe, crampon, and rope skills before going unguided — these aren't skills to learn for the first time on your objective",,,,https://www.rei.com/learn/expert-advice/mountaineering-summit-adventures.html,,
Checklist Item Link,training,Training & Fitness Readiness,firstMountaineeringExtra,"ADDED if ""first mountaineering"" checked",5,Pick a non-technical objective well within your current skill level for a first attempt — save harder routes for once you've built real mountain experience,,,,https://www.internationalalpineguides.com/blog/2024/4/28/the-proper-steps-to-begin-the-sport-of-mountaineering,,
Checklist Item Link,training,Training & Fitness Readiness,firstMountaineeringExtra,"ADDED if ""first mountaineering"" checked",6,"Get avalanche safety training (AIARE Level 1) and practice with your beacon, shovel, and probe until it's second nature, if your route crosses avalanche terrain",,,,https://aukcliff.com/blogs/news/beginner-mountaineering-guide,,
Checklist Item Link,training,Training & Fitness Readiness,firstMountaineeringExtra,"ADDED if ""first mountaineering"" checked",7,"Line up a partner with matching skills for roped sections — technical terrain is a team sport, and a mismatched partner is its own risk factor",,,,https://www.redbull.com/us-en/beginner-guide-how-to-do-mountaineering,,
Checklist Item Link,training,Training & Fitness Readiness,firstMountaineeringExtra,"ADDED if ""first mountaineering"" checked",8,"Decide your turnaround criteria before you leave, not on the mountain — the turnaround call is consistently cited as the hardest and most important decision in mountaineering",,,,https://globalsummitguide.com/complete-guide-essential-mountaineering-skills/,,
Checklist Item Link,training,Training & Fitness Readiness,firstMountaineeringExtra,"ADDED if ""first mountaineering"" checked",9,"Get wilderness first aid training, or make sure someone on your team has it — you may be hours or days from professional help",,,,https://aukcliff.com/blogs/news/beginner-mountaineering-guide,,
Checklist Item Link,training,Training & Fitness Readiness,firstMountaineeringExtra,"ADDED if ""first mountaineering"" checked",10,"Learn to read mountain weather — cloud buildup, wind shifts, pressure changes — so you can make a real go/no-go call instead of just hoping the forecast holds",,,,https://www.wta.org/go-outside/trail-smarts/how-to/what-can-clouds-tell-you-while-hiking,,
Checklist Item Link,training,Training & Fitness Readiness,firstSkimoExtra,"ADDED if ""first skimo"" checked",1,"Build your aerobic base first, the same principle behind all Uphill Athlete training — race-pace intensity only pays off once that foundation is there",,,,https://uphillathlete.com/aerobic-training/,,
Checklist Item Link,training,Training & Fitness Readiness,firstSkimoExtra,"ADDED if ""first skimo"" checked",2,"Structured skimo plans generally run 6–10 hours/week at peak — make sure your schedule can actually support that before race day, not just in theory",,,,https://uphillathlete.com/training-plans/16-week-basic-skimo-racing-training-plan/,,
Checklist Item Link,training,Training & Fitness Readiness,firstSkimoExtra,"ADDED if ""first skimo"" checked",3,"Get comfortable on ungroomed, off-piste, and expert terrain before race day — many courses intentionally leave the groomed runs",,,,https://www.usaskimo.org/what-to-expect-in-your-first-skimo-race/,,
Checklist Item Link,training,Training & Fitness Readiness,firstSkimoExtra,"ADDED if ""first skimo"" checked",4,"Train on your actual race gear beforehand — race skis and boots behave very differently from touring setups, and race day is the wrong time to find that out",,,,https://www.voile.com/blog/a-beginners-guide-to-skimo-racing/,,
Checklist Item Link,training,Training & Fitness Readiness,firstSkimoExtra,"ADDED if ""first skimo"" checked",5,"Practice transitions — skins off, boots to ski mode — until they're automatic; fumbled transitions cost more time than most people expect",,,,http://www.skintrack.com/tips-tricks-advice/6-tips-to-get-ready-for-your-first-ski-mountaineering-race/,,
Checklist Item Link,training,Training & Fitness Readiness,firstSkimoExtra,"ADDED if ""first skimo"" checked",6,"Plan your recovery as deliberately as your training, especially around back-to-back race weekends — fatigue management is part of the program, not an afterthought",,,,https://uphillathlete.com/product/training-for-the-uphill-athlete-book/,,
Checklist Item Link,training,Training & Fitness Readiness,firstSkimoExtra,"ADDED if ""first skimo"" checked",7,"Practice with your beacon, shovel, and probe until you're genuinely competent, not just equipped — many races require this gear for a reason",,,,https://www.usaskimo.org/what-to-expect-in-your-first-skimo-race/,,
Checklist Item Link,training,Training & Fitness Readiness,firstSkimoExtra,"ADDED if ""first skimo"" checked",8,"Read up on the actual race format beforehand — transition zones, mandatory gear checks, how the course is marked — so none of it is a surprise on race morning",,,,https://www.microcosm-coaching.com/microblog/guide-to-ski-mountaineering-skimo-racing/,,
Checklist Item Link,training,Training & Fitness Readiness,firstSkimoExtra,"ADDED if ""first skimo"" checked",9,"Learn to read mountain weather signs — cloud buildup, wind shifts, temperature swings — that affect snow stability and visibility on training days",,,,https://www.wta.org/go-outside/trail-smarts/how-to/what-can-clouds-tell-you-while-hiking,,
Learn More - Article,medical,Medical & Injury History,,,,Warning Signs: Rhabdomyolysis in Trail Runners,,,,https://www.trailrunnermag.com/nutrition/race-day-nutrition-nutrition/warning-signs/,Trail Runner Magazine,
Learn More - Video,medical,Medical & Injury History,,,,How Much Workout Is Too Much? — Rhabdomyolysis,,,,https://www.youtube.com/watch?v=aDIvspLzj1g,,
Checklist Item Link,medical,Medical & Injury History,,,1,Discuss any pre-existing condition with a doctor before you go,,,,https://www.trailrunnermag.com/nutrition/race-day-nutrition-nutrition/warning-signs/,,
Checklist Item Link,medical,Medical & Injury History,,,2,"Make sure needed medications are packed and accessible, and anyone with you knows how to help",,,,https://www.trailrunnermag.com/nutrition/race-day-nutrition-nutrition/warning-signs/,,
Checklist Item Link,medical,Medical & Injury History,,,3,"If you have a history of heat illness, hyponatremia, hypernatremia, or rhabdomyolysis, build a specific prevention plan",,,,https://www.trailrunnermag.com/nutrition/race-day-nutrition-nutrition/warning-signs/,,
Checklist Item Link,medical,Medical & Injury History,,,4,"Address any injury or pain from the past 6 months that isn't fully resolved, rather than hoping it clears up on its own",,,,https://www.youtube.com/watch?v=aDIvspLzj1g,,
Learn More - Article,safety,Safety & Emergency Preparedness,,,,Exercise-Associated Hyponatremia: The (Not So) Salty Truth,,,,https://www.irunfar.com/exercise-associated-hyponatremia-the-not-so-salty-truth,iRunFar,
Learn More - Video,safety,Safety & Emergency Preparedness,,,,Recognizing and Treating Heat Illness and Heat Stroke,,,,https://www.youtube.com/watch?v=gSnyIpeuR50,,
Checklist Item Link,safety,Safety & Emergency Preparedness,,,1,Share your trip plan and expected finish/return window with someone,,,,https://www.irunfar.com/exercise-associated-hyponatremia-the-not-so-salty-truth,,
Checklist Item Link,safety,Safety & Emergency Preparedness,,,2,"Look up on-course medical support and the nearest hospital or urgent care, and save the event's emergency number if one exists",,,,https://www.irunfar.com/exercise-associated-hyponatremia-the-not-so-salty-truth,,
Checklist Item Link,safety,Safety & Emergency Preparedness,,,3,Carry basic ID and medical information on you,,,,https://www.youtube.com/watch?v=gSnyIpeuR50,,
Checklist Item Link,safety,Safety & Emergency Preparedness,,,4,"Review the early warning signs of heat illness, hyponatremia, and hypothermia",,,,https://www.youtube.com/watch?v=gSnyIpeuR50,,
Checklist Item Link,safety,Safety & Emergency Preparedness,,,5,"Learn the symptoms and immediate response for the full range of exertional emergencies — heat illness, hypothermia, hyponatremia, hypernatremia, and rhabdomyolysis",,,,https://www.irunfar.com/exercise-associated-hyponatremia-the-not-so-salty-truth,,
Checklist Item Link,safety,Safety & Emergency Preparedness,,,6,Confirm your backup navigation/communication plan for remote sections,,,,https://www.outdoorgearlab.com/topics/camping-and-hiking/best-personal-locator-beacon,,
Learn More - Article,logistics,Event Logistics & Support,,,,How to Crew Ultra Runners: A Complete Guide for Crew Members,,,,https://www.trainingpeaks.com/blog/crewing-for-ultramarathon/,TrainingPeaks,
Learn More - Video,logistics,Event Logistics & Support,,,,10 Tips for Crewing an Ultra Marathon,,,,https://www.youtube.com/watch?v=FClpCNWjzcM,,
Checklist Item Link,logistics,Event Logistics & Support,,,1,"Brief your crew, pacer, or hiking partner on the plan",,,,https://www.trainingpeaks.com/blog/crewing-for-ultramarathon/,,
Checklist Item Link,logistics,Event Logistics & Support,,,2,Finalize and pack drop bags or resupply boxes,,,,https://relentlessforwardcommotion.com/the-beginners-guide-to-packing-an-ultramarathon-drop-bag/,,
Checklist Item Link,logistics,Event Logistics & Support,,,3,Map your expected pace against cutoffs or daily mileage targets,,,,https://www.youtube.com/watch?v=FClpCNWjzcM,,
Checklist Item Link,logistics,Event Logistics & Support,,,4,Set clear check-in points with anyone supporting you,,,,https://www.trainingpeaks.com/blog/crewing-for-ultramarathon/,,
Learn More - Article,mental,Mental Readiness & Pacing,,,,Ultramarathon Pacing Strategies: Why Staying in the Moment Works,,,,https://trainright.com/ultramarathon-pacing-strategies-staying-in-the-moment/,Jason Koop / CTS,
Learn More - Video,mental,Mental Readiness & Pacing,,,,Ultramarathon Pacing: 5 Science-Backed Strategies to Finish Strong,,,,https://www.youtube.com/watch?v=HpOiy4oHQq4,,
Checklist Item Link,mental,Mental Readiness & Pacing,,,1,"Base your pacing plan on real training paces, not race-day adrenaline",,,,https://trainright.com/ultramarathon-pacing-strategies-staying-in-the-moment/,,
Checklist Item Link,mental,Mental Readiness & Pacing,,,2,Define your own turn-around or stopping criteria ahead of time,,,,https://www.trailrunnermag.com/training/how-to-know-when-to-dnf/,,
Checklist Item Link,mental,Mental Readiness & Pacing,,,3,"Mentally rehearse the low points — night hours, motivation dips",,,,https://www.youtube.com/watch?v=HpOiy4oHQq4,,
Checklist Item Link,mental,Mental Readiness & Pacing,,,4,Write your pacing/decision plan down somewhere you (or your crew) can reference it,,,,https://trainright.com/ultramarathon-pacing-strategies-staying-in-the-moment/,,
Learn More - Article,recovery,Recovery Plan,,,,Optimizing Recovery After an Ultramarathon,,,,https://trainright.com/recovery-after-running-an-ultramarathon/,CTS,
Learn More - Video,recovery,Recovery Plan,,,,How to Recover Fast After an Ultramarathon (5 Proven Tips),,,,https://www.youtube.com/watch?v=te2IJ1w1LUI,,
Checklist Item Link,recovery,Recovery Plan,,,1,"Sketch a post-event plan for nutrition, sleep, and light movement",,,,https://trainright.com/recovery-after-running-an-ultramarathon/,,
Checklist Item Link,recovery,Recovery Plan,,,2,Decide in advance when/how you'd seek medical follow-up if something comes up,,,,https://trainright.com/recovery-after-running-an-ultramarathon/,,
Checklist Item Link,recovery,Recovery Plan,,,3,Set a gradual return-to-training timeline instead of jumping back in hard,,,,https://trainright.com/recovery-after-running-an-ultramarathon/,,
Checklist Item Link,recovery,Recovery Plan,,,4,Block time to debrief and capture lessons while they're fresh,,,,https://www.youtube.com/watch?v=te2IJ1w1LUI,,
Research Evidence,terrain,Terrain & Route Profile,,,2,"Reviews how running mechanics and energy cost change on slopes: uphill running demands more muscular work (especially at the hip) and energy cost rises with grade, while downhill running changes foot-strike and loading patterns. The authors note implications for injury prevention and performance. Relevance: Supports treating elevation gain and loss as its own demand, since climbing and descending load the body differently.",,,,https://pubmed.ncbi.nlm.nih.gov/27501719/,"Vernillo G, Giandolini M, Edwards WB, Morin JB, Samozino P, Horvais N, Millet GY. Biomechanics and physiology of uphill and downhill running. Sports Med. 2017;47(4):615-629.",Narrative review
Research Evidence,terrain,Terrain & Route Profile,,,3,"Reviews how running mechanics and energy cost change on slopes: uphill running demands more muscular work (especially at the hip) and energy cost rises with grade, while downhill running changes foot-strike and loading patterns. The authors note implications for injury prevention and performance. Relevance: Supports training on terrain that matches the route, because uphill and downhill running differ mechanically and physiologically from flat running.",,,,https://pubmed.ncbi.nlm.nih.gov/27501719/,"Vernillo G, Giandolini M, Edwards WB, Morin JB, Samozino P, Horvais N, Millet GY. Biomechanics and physiology of uphill and downhill running. Sports Med. 2017;47(4):615-629.",Narrative review
Research Evidence,environment,Environment & Climate,,,1,"Analysis of 8,282 starts in the Western States 100-mile race (1986-2007): the odds of finishing fell with warmer weather and with age beyond about 38. Relevance: Warm conditions measurably reduced finishing odds at one major 100-miler; this is observational data from a single race.",,,,https://pubmed.ncbi.nlm.nih.gov/20835714/,"Wegelin JA, Hoffman MD. Variables associated with odds of finishing and finish time in a 161-km ultramarathon. Eur J Appl Physiol. 2011;111(1):145-153.",Observational study (race records)
Research Evidence,environment,Environment & Climate,,,2,"Gradually increasing the altitude you sleep at is the best way to prevent altitude illness. For a low-risk ascent, take at least two days to reach a sleeping altitude of 8,200-9,800 ft, then climb no more than 1,600 ft per night and add a rest day for every 3,300 ft of sleeping-altitude gain. Relevance: Supports allowing time to acclimatize when the event's elevation is well above where you live and train.",,,,https://pubmed.ncbi.nlm.nih.gov/31248818/,"Luks AM, et al. Wilderness Medical Society clinical practice guidelines for the prevention and treatment of acute altitude illness: 2019 update. Wilderness Environ Med. 2019;30(4S):S3-S18.",Clinical practice guideline
Research Evidence,environment,Environment & Climate,,,3,Heat acclimatization through repeated exercise-heat exposures over one to two weeks is described as the most effective intervention against heat's impairment of endurance exercise; the statement also recommends hydration and cooling strategies. Relevance: Supports building heat exposure into training in the weeks before the event.,,,,https://pubmed.ncbi.nlm.nih.gov/26069301/,"Racinais S, Alonso JM, Coutts AJ, et al. Consensus recommendations on training and competing in the heat. Sports Med. 2015.",Expert consensus statement
Research Evidence,environment,Environment & Climate,,,3,"Athletes who are unacclimatized, dehydrated, recently ill, or taking certain medications face higher risk of exertional heat illness. Early recognition and rapid cooling reduce illness severity and death, and the early signs can be subtle and easy to miss. Relevance: Being unacclimatized is among the factors that raise heat-illness risk.",,,,https://pubmed.ncbi.nlm.nih.gov/17473783/,"Armstrong LE, Casa DJ, Millard-Stafford M, Moran DS, Pyne SW, Roberts WO. American College of Sports Medicine position stand: exertional heat illness during training and competition. Med Sci Sports Exerc. 2007;39(3):556-572.",Position stand (expert consensus)
Research Evidence,gear,Gear & Tools,ultra,Ultramarathon,3,"Blisters come from friction on the skin. More vigorous activity and carrying heavy loads raise the likelihood of foot blisters, and repeated low-level friction can thicken the skin and may reduce blister risk. The authors note that well-designed prevention studies are still needed. Relevance: Supports breaking in footwear ahead of time: heavy loads and vigorous activity raise foot-blister risk, and gradual friction exposure may reduce it.",,,,https://pubmed.ncbi.nlm.nih.gov/8570998/,"Knapik JJ, et al. Friction blisters: pathophysiology, prevention and treatment. Sports Med. 1995.",Narrative review
Research Evidence,gear,Gear & Tools,hike,Long-Distance Hike,3,"Blisters come from friction on the skin. More vigorous activity and carrying heavy loads raise the likelihood of foot blisters, and repeated low-level friction can thicken the skin and may reduce blister risk. The authors note that well-designed prevention studies are still needed. Relevance: Supports breaking in footwear ahead of time: heavy loads and vigorous activity raise foot-blister risk, and gradual friction exposure may reduce it.",,,,https://pubmed.ncbi.nlm.nih.gov/8570998/,"Knapik JJ, et al. Friction blisters: pathophysiology, prevention and treatment. Sports Med. 1995.",Narrative review
Research Evidence,gear,Gear & Tools,mountaineering,Mountaineering,3,"Blisters come from friction on the skin. More vigorous activity and carrying heavy loads raise the likelihood of foot blisters, and repeated low-level friction can thicken the skin and may reduce blister risk. The authors note that well-designed prevention studies are still needed. Relevance: Supports breaking in boots ahead of time: heavy loads raise foot-blister risk, and gradual friction exposure may reduce it. The review is general, not mountaineering-specific.",,,,https://pubmed.ncbi.nlm.nih.gov/8570998/,"Knapik JJ, et al. Friction blisters: pathophysiology, prevention and treatment. Sports Med. 1995.",Narrative review
Research Evidence,gear,Gear & Tools,skimo,Ski Mountaineering (Skimo),3,"Blisters come from friction on the skin. More vigorous activity and carrying heavy loads raise the likelihood of foot blisters, and repeated low-level friction can thicken the skin and may reduce blister risk. The authors note that well-designed prevention studies are still needed. Relevance: Supports breaking in boots ahead of time: heavy loads and vigorous activity raise foot-blister risk. The review is general, not skimo-specific.",,,,https://pubmed.ncbi.nlm.nih.gov/8570998/,"Knapik JJ, et al. Friction blisters: pathophysiology, prevention and treatment. Sports Med. 1995.",Narrative review
Research Evidence,gear,Gear & Tools,ultra,Ultramarathon,3,"Survey of 500 entrants in two 161-km (100-mile) trail ultramarathons: the main performance-limiting problems were nausea/vomiting, blisters and muscle pain, and nausea/vomiting was the most common reason given for not finishing (23% of non-finishers). Relevance: Blisters were one of the three main performance-limiting problems reported by 161-km entrants.",,,,https://pubmed.ncbi.nlm.nih.gov/21487147/,"Hoffman MD, Fogard K. Factors related to successful completion of a 161-km ultramarathon. Int J Sports Physiol Perform. 2011;6(1):25-37.",Survey (observational)
Research Evidence,gear,Gear & Tools,skimo,Ski Mountaineering (Skimo),6,"Study of 1,247 avalanche burials in Canada and Switzerland (1980-2005): about 46% of buried people survived, survival depended heavily on how long they stayed buried, and the authors emphasize extrication ideally within 10 minutes. Relevance: Burial time drives survival, which is why speed and competence with beacon, shovel and probe matter; the study did not test training levels directly.",,,,https://doi.org/10.1503/cmaj.101435,"Haegeli P, Falk M, Brugger H, Etter HJ, Boyd J. Comparison of avalanche survival patterns in Canada and Switzerland. CMAJ. 2011.",Observational study (case records)
Research Evidence,nutrition,Nutrition & Hydration,,,2,"For longer events, carbohydrate targets of roughly 30-60 g per hour are appropriate, and efforts beyond about 2.5 hours may benefit from up to 90 g per hour; special carbohydrate blends may help absorption at higher intake rates. Relevance: Supports setting a specific carbohydrate-per-hour target and rehearsing it.",,,,https://doi.org/10.1080/02640414.2011.585473,"Burke LM, Hawley JA, Wong SH, Jeukendrup AE. Carbohydrates for training and competition. J Sports Sci. 2011;29(Suppl 1):S17-S27.",Expert review
Research Evidence,nutrition,Nutrition & Hydration,,,3,"Consensus statement from 17 international experts on exercise-associated hyponatremia (low blood sodium): it covers how common it is, its causes, diagnosis, treatment and prevention, and describes it as a preventable and treatable fluid imbalance. Relevance: Supports having a deliberate hydration plan, since this consensus treats low blood sodium as preventable.",,,,https://pubmed.ncbi.nlm.nih.gov/26102445/,"Hew-Butler T, Rosner MH, Fowkes-Godek S, et al. Statement of the Third International Exercise-Associated Hyponatremia Consensus Development Conference, Carlsbad, California, 2015. Clin J Sport Med. 2015;25(4):303-320.",Expert consensus statement
Research Evidence,nutrition,Nutrition & Hydration,,,4,"Survey of 500 entrants in two 161-km (100-mile) trail ultramarathons: the main performance-limiting problems were nausea/vomiting, blisters and muscle pain, and nausea/vomiting was the most common reason given for not finishing (23% of non-finishers). Relevance: Stomach problems were the most common stated reason for not finishing in this survey, so having a plan for them is well founded.",,,,https://pubmed.ncbi.nlm.nih.gov/21487147/,"Hoffman MD, Fogard K. Factors related to successful completion of a 161-km ultramarathon. Int J Sports Physiol Perform. 2011;6(1):25-37.",Survey (observational)
Research Evidence,nutrition,Nutrition & Hydration,,,4,"In 18 runners, two weeks of repeated carbohydrate intake during running reduced gut discomfort, nausea and signs of carbohydrate malabsorption in the carbohydrate group; the placebo group showed no improvement. Relevance: In a small trial, practicing fueling during runs reduced gut symptoms, which supports building that practice into the plan.",,,,https://www.bisp-surf.de/Record/PU201803001736,"Miall A, Khoo A, Rauch C, Snipe RMJ, Camoes-Costa VL, Gibson PR, Costa RJS. Two weeks of repetitive gut-challenge reduce exercise-associated gastrointestinal symptoms and malabsorption. Scand J Med Sci Sports. 2018;28(2):630-640.",Placebo-controlled trial (18 runners)
Research Evidence,nutrition,Nutrition & Hydration,,,5,"In 18 runners, two weeks of repeated carbohydrate intake during running reduced gut discomfort, nausea and signs of carbohydrate malabsorption in the carbohydrate group; the placebo group showed no improvement. Relevance: Supports testing the foods you plan to use: gut tolerance improved with repeated carbohydrate intake during running (small trial, 18 runners).",,,,https://www.bisp-surf.de/Record/PU201803001736,"Miall A, Khoo A, Rauch C, Snipe RMJ, Camoes-Costa VL, Gibson PR, Costa RJS. Two weeks of repetitive gut-challenge reduce exercise-associated gastrointestinal symptoms and malabsorption. Scand J Med Sci Sports. 2018;28(2):630-640.",Placebo-controlled trial (18 runners)
Research Evidence,training,Training & Fitness Readiness,build,6-12 Weeks Out (Build),1,"Review of elite endurance athletes: roughly 80% of training is done at low intensity and about 20% at high intensity, and the author found no convincing evidence that emphasizing high-intensity work brings long-term gains in already well-trained athletes. Relevance: Supports a mostly easy, aerobic foundation; the evidence is from elite endurance athletes rather than ultrarunners specifically.",,,,https://pubmed.ncbi.nlm.nih.gov/20861519/,Seiler S. What is best practice for training intensity and duration distribution in endurance athletes? Int J Sports Physiol Perform. 2010;5(3):276-291.,Narrative review (elite athletes)
Research Evidence,training,Training & Fitness Readiness,build,6-12 Weeks Out (Build),3,"Meta-analysis of 25 randomized trials (26,610 participants): strength training reduced sports injuries to less than one third, exercise programs could almost halve overuse injuries, and stretching alone showed no benefit. Relevance: Supports a general strength foundation; the pooled programs were mixed-sport, not ultra-specific.",,,,https://pubmed.ncbi.nlm.nih.gov/24100287/,"Lauersen JB, Bertelsen DM, Andersen LB. The effectiveness of exercise interventions to prevent sports injuries: a systematic review and meta-analysis of randomised controlled trials. Br J Sports Med. 2014;48(11):871-877.",Systematic review and meta-analysis
Research Evidence,training,Training & Fitness Readiness,build,6-12 Weeks Out (Build),5,"Rapid, excessive jumps in training load are linked to soft-tissue injuries, while athletes who build up high training loads progressively tend to be more injury-resistant; the paper proposes tracking both recent and longer-term workload. Relevance: Supports tracking training load and how you are responding as it ramps up; not ultrarunning-specific.",,,,https://pubmed.ncbi.nlm.nih.gov/26758673/,Gabbett TJ. The training-injury prevention paradox: should athletes be training smarter and harder? Br J Sports Med. 2016;50(5):273-280.,Conceptual review (not ultrarunning-specific)
Research Evidence,training,Training & Fitness Readiness,build,6-12 Weeks Out (Build),6,"Systematic review of 11 prospective cohort studies (4,671 participants): previous injury was identified as an important risk factor for a new running-related injury. Relevance: Prior injury raises the chance of a new one, which is why recent injury is worth flagging.",,,,https://pubmed.ncbi.nlm.nih.gov/24809248/,"Saragiotto BT, Yamato TP, Hespanhol LC, Rainbow MJ, Davis IS, Lopes AD. What are the main risk factors for running-related injuries? Sports Med. 2014;44(8):1153-1163.",Systematic review
Research Evidence,training,Training & Fitness Readiness,taper,3 Weeks Out (Taper),2,"Systematic review of 11 prospective cohort studies (4,671 participants): previous injury was identified as an important risk factor for a new running-related injury. Relevance: Prior injury raises the chance of a new one, which is why recent injury is worth flagging.",,,,https://pubmed.ncbi.nlm.nih.gov/24809248/,"Saragiotto BT, Yamato TP, Hespanhol LC, Rainbow MJ, Davis IS, Lopes AD. What are the main risk factors for running-related injuries? Sports Med. 2014;44(8):1153-1163.",Systematic review
Research Evidence,training,Training & Fitness Readiness,taper,3 Weeks Out (Taper),5,"An effective taper keeps training intensity while cutting volume, typically over roughly 4 to 28+ days, and performance improves about 3% on average. Relevance: Supports a taper that cuts volume but keeps some intensity, rather than stopping; not ultra-specific.",,,,https://pubmed.ncbi.nlm.nih.gov/12840640/,"Mujika I, Padilla S. Scientific bases for precompetition tapering strategies. Med Sci Sports Exerc. 2003;35(7):1182-1187.",Narrative review
Research Evidence,training,Training & Fitness Readiness,taper,3 Weeks Out (Taper),5,Meta-analysis of 27 studies: the most effective taper lasted two weeks and cut training volume by 41-60% without changing training intensity or frequency. Relevance: Supports a roughly two-week taper that cuts volume while holding intensity and frequency; not ultra-specific.,,,,https://pubmed.ncbi.nlm.nih.gov/17762369/,"Bosquet L, Montpetit J, Arvisais D, Mujika I. Effects of tapering on performance: a meta-analysis. Med Sci Sports Exerc. 2007;39(8):1358-1365.",Meta-analysis
Research Evidence,training,Training & Fitness Readiness,firstUltraExtra,"ADDED if ""first ultra"" checked",4,"Systematic review of 11 prospective cohort studies (4,671 participants): previous injury was identified as an important risk factor for a new running-related injury. Relevance: Supports checking for lingering injuries before ramping up.",,,,https://pubmed.ncbi.nlm.nih.gov/24809248/,"Saragiotto BT, Yamato TP, Hespanhol LC, Rainbow MJ, Davis IS, Lopes AD. What are the main risk factors for running-related injuries? Sports Med. 2014;44(8):1153-1163.",Systematic review
Research Evidence,training,Training & Fitness Readiness,firstUltraExtra,"ADDED if ""first ultra"" checked",4,"Rapid, excessive jumps in training load are linked to soft-tissue injuries, while athletes who build up high training loads progressively tend to be more injury-resistant; the paper proposes tracking both recent and longer-term workload. Relevance: Supports building volume gradually rather than jumping ahead.",,,,https://pubmed.ncbi.nlm.nih.gov/26758673/,Gabbett TJ. The training-injury prevention paradox: should athletes be training smarter and harder? Br J Sports Med. 2016;50(5):273-280.,Conceptual review (not ultrarunning-specific)
Research Evidence,training,Training & Fitness Readiness,firstMountaineeringExtra,"ADDED if ""first mountaineering"" checked",1,"Review of elite endurance athletes: roughly 80% of training is done at low intensity and about 20% at high intensity, and the author found no convincing evidence that emphasizing high-intensity work brings long-term gains in already well-trained athletes. Relevance: Supports an aerobic base before intensity; the evidence is from elite endurance athletes, not mountaineers.",,,,https://pubmed.ncbi.nlm.nih.gov/20861519/,Seiler S. What is best practice for training intensity and duration distribution in endurance athletes? Int J Sports Physiol Perform. 2010;5(3):276-291.,Narrative review (elite athletes)
Research Evidence,training,Training & Fitness Readiness,firstMountaineeringExtra,"ADDED if ""first mountaineering"" checked",2,"Rapid, excessive jumps in training load are linked to soft-tissue injuries, while athletes who build up high training loads progressively tend to be more injury-resistant; the paper proposes tracking both recent and longer-term workload. Relevance: Supports gradual progression over big jumps in load; not mountaineering-specific.",,,,https://pubmed.ncbi.nlm.nih.gov/26758673/,Gabbett TJ. The training-injury prevention paradox: should athletes be training smarter and harder? Br J Sports Med. 2016;50(5):273-280.,Conceptual review (not ultrarunning-specific)
Research Evidence,training,Training & Fitness Readiness,firstMountaineeringExtra,"ADDED if ""first mountaineering"" checked",3,"Meta-analysis of 25 randomized trials (26,610 participants): strength training reduced sports injuries to less than one third, exercise programs could almost halve overuse injuries, and stretching alone showed no benefit. Relevance: Supports strength work generally; the pooled programs were not loaded-carry or mountaineering-specific.",,,,https://pubmed.ncbi.nlm.nih.gov/24100287/,"Lauersen JB, Bertelsen DM, Andersen LB. The effectiveness of exercise interventions to prevent sports injuries: a systematic review and meta-analysis of randomised controlled trials. Br J Sports Med. 2014;48(11):871-877.",Systematic review and meta-analysis
Research Evidence,training,Training & Fitness Readiness,firstMountaineeringExtra,"ADDED if ""first mountaineering"" checked",6,"Study of 1,247 avalanche burials in Canada and Switzerland (1980-2005): about 46% of buried people survived, survival depended heavily on how long they stayed buried, and the authors emphasize extrication ideally within 10 minutes. Relevance: Burial time drives survival, which is why competence with beacon, shovel and probe matters; the study did not test training levels directly.",,,,https://doi.org/10.1503/cmaj.101435,"Haegeli P, Falk M, Brugger H, Etter HJ, Boyd J. Comparison of avalanche survival patterns in Canada and Switzerland. CMAJ. 2011.",Observational study (case records)
Research Evidence,training,Training & Fitness Readiness,firstSkimoExtra,"ADDED if ""first skimo"" checked",1,"Review of elite endurance athletes: roughly 80% of training is done at low intensity and about 20% at high intensity, and the author found no convincing evidence that emphasizing high-intensity work brings long-term gains in already well-trained athletes. Relevance: Supports an aerobic base before race-pace intensity; the evidence is from elite endurance athletes, not skimo racers.",,,,https://pubmed.ncbi.nlm.nih.gov/20861519/,Seiler S. What is best practice for training intensity and duration distribution in endurance athletes? Int J Sports Physiol Perform. 2010;5(3):276-291.,Narrative review (elite athletes)
Research Evidence,training,Training & Fitness Readiness,firstSkimoExtra,"ADDED if ""first skimo"" checked",7,"Study of 1,247 avalanche burials in Canada and Switzerland (1980-2005): about 46% of buried people survived, survival depended heavily on how long they stayed buried, and the authors emphasize extrication ideally within 10 minutes. Relevance: Burial time drives survival, which is why competence with beacon, shovel and probe matters; the study did not test training levels directly.",,,,https://doi.org/10.1503/cmaj.101435,"Haegeli P, Falk M, Brugger H, Etter HJ, Boyd J. Comparison of avalanche survival patterns in Canada and Switzerland. CMAJ. 2011.",Observational study (case records)
Research Evidence,medical,Medical & Injury History,,,1,"Pre-race screening data from 5,770 entrants in the 90-km Comrades Marathon: a history of chronic disease and a history of allergies were each independently associated with having had a gradual-onset running injury in the previous 12 months. This design shows association, not cause. Relevance: Supports asking about existing conditions; the finding is an association with injury history in one ultramarathon's entrants, not a cause.",,,,https://pubmed.ncbi.nlm.nih.gov/37158796/,"Slabber K, Schwellnus MP, Ramagole DA, et al. Risk factors associated with gradual onset running-related injuries in 5770 ultramarathon race entrants - SAFER XXXII. J Sports Med Phys Fitness. 2023;63(8):934-940.","Cross-sectional study (5,770 runners)"
Research Evidence,medical,Medical & Injury History,,,2,"Systematic review of 11 prospective cohort studies (4,671 participants): previous injury was identified as an important risk factor for a new running-related injury. Relevance: Prior injury raises the chance of a new one, which is why unresolved injury is worth flagging.",,,,https://pubmed.ncbi.nlm.nih.gov/24809248/,"Saragiotto BT, Yamato TP, Hespanhol LC, Rainbow MJ, Davis IS, Lopes AD. What are the main risk factors for running-related injuries? Sports Med. 2014;44(8):1153-1163.",Systematic review
Research Evidence,medical,Medical & Injury History,,,3,"Pre-race screening data from 5,770 entrants in the 90-km Comrades Marathon: a history of chronic disease and a history of allergies were each independently associated with having had a gradual-onset running injury in the previous 12 months. This design shows association, not cause. Relevance: A history of allergies was independently associated with past-year running injury in this group; association only.",,,,https://pubmed.ncbi.nlm.nih.gov/37158796/,"Slabber K, Schwellnus MP, Ramagole DA, et al. Risk factors associated with gradual onset running-related injuries in 5770 ultramarathon race entrants - SAFER XXXII. J Sports Med Phys Fitness. 2023;63(8):934-940.","Cross-sectional study (5,770 runners)"
Research Evidence,medical,Medical & Injury History,,,3,"Athletes who are unacclimatized, dehydrated, recently ill, or taking certain medications face higher risk of exertional heat illness. Early recognition and rapid cooling reduce illness severity and death, and the early signs can be subtle and easy to miss. Relevance: Medication use is among the factors listed as raising heat-illness risk.",,,,https://pubmed.ncbi.nlm.nih.gov/17473783/,"Armstrong LE, Casa DJ, Millard-Stafford M, Moran DS, Pyne SW, Roberts WO. American College of Sports Medicine position stand: exertional heat illness during training and competition. Med Sci Sports Exerc. 2007;39(3):556-572.",Position stand (expert consensus)
Research Evidence,safety,Safety & Emergency Preparedness,,,4,"Athletes who are unacclimatized, dehydrated, recently ill, or taking certain medications face higher risk of exertional heat illness. Early recognition and rapid cooling reduce illness severity and death, and the early signs can be subtle and easy to miss. Relevance: Supports learning the early signs of heat illness: they can be subtle, and early recognition and cooling improve outcomes.",,,,https://pubmed.ncbi.nlm.nih.gov/17473783/,"Armstrong LE, Casa DJ, Millard-Stafford M, Moran DS, Pyne SW, Roberts WO. American College of Sports Medicine position stand: exertional heat illness during training and competition. Med Sci Sports Exerc. 2007;39(3):556-572.",Position stand (expert consensus)
Research Evidence,safety,Safety & Emergency Preparedness,,,4,"Consensus statement from 17 international experts on exercise-associated hyponatremia (low blood sodium): it covers how common it is, its causes, diagnosis, treatment and prevention, and describes it as a preventable and treatable fluid imbalance. Relevance: Supports knowing the signs of hyponatremia, which the consensus treats as preventable and treatable.",,,,https://pubmed.ncbi.nlm.nih.gov/26102445/,"Hew-Butler T, Rosner MH, Fowkes-Godek S, et al. Statement of the Third International Exercise-Associated Hyponatremia Consensus Development Conference, Carlsbad, California, 2015. Clin J Sport Med. 2015;25(4):303-320.",Expert consensus statement
Research Evidence,safety,Safety & Emergency Preparedness,,,7,"Athletes who are unacclimatized, dehydrated, recently ill, or taking certain medications face higher risk of exertional heat illness. Early recognition and rapid cooling reduce illness severity and death, and the early signs can be subtle and easy to miss. Relevance: Covers exertional heat illness, including heat stroke, among the serious conditions listed.",,,,https://pubmed.ncbi.nlm.nih.gov/17473783/,"Armstrong LE, Casa DJ, Millard-Stafford M, Moran DS, Pyne SW, Roberts WO. American College of Sports Medicine position stand: exertional heat illness during training and competition. Med Sci Sports Exerc. 2007;39(3):556-572.",Position stand (expert consensus)
Research Evidence,safety,Safety & Emergency Preparedness,,,7,"Consensus statement from 17 international experts on exercise-associated hyponatremia (low blood sodium): it covers how common it is, its causes, diagnosis, treatment and prevention, and describes it as a preventable and treatable fluid imbalance. Relevance: Covers exercise-associated hyponatremia among the serious conditions listed.",,,,https://pubmed.ncbi.nlm.nih.gov/26102445/,"Hew-Butler T, Rosner MH, Fowkes-Godek S, et al. Statement of the Third International Exercise-Associated Hyponatremia Consensus Development Conference, Carlsbad, California, 2015. Clin J Sport Med. 2015;25(4):303-320.",Expert consensus statement
Research Evidence,mental,Mental Readiness & Pacing,,,1,"Review of how athletes distribute effort during races: even pacing helps in events longer than about two minutes. For events over four hours the review found limited evidence on the best strategy, with well-trained athletes typically slowing progressively. Relevance: Supports having a pacing plan; note the review found limited evidence on the best pacing strategy for events over four hours.",,,,https://doi.org/10.2165/00007256-200838030-00004,"Abbiss CR, Laursen PB. Describing and understanding pacing strategies during athletic competition. Sports Med. 2008;38(3):239-252.",Narrative review
Research Evidence,recovery,Recovery Plan,,,1,"Meta-analysis of 99 studies: massage was the most effective recovery technique for soreness and perceived fatigue, and active recovery, compression garments, water immersion and cold therapy also reduced soreness. Relevance: Not ultramarathon-specific, and it evaluates recovery techniques rather than sleep or nutrition.",,,,https://pubmed.ncbi.nlm.nih.gov/29755363/,"Dupuy O, Douzi W, Theurot D, et al. An evidence-based approach for choosing post-exercise recovery techniques to reduce markers of muscle damage, soreness, fatigue, and inflammation: a systematic review with meta-analysis. Front Physiol. 2018;9:403.",Systematic review and meta-analysis
Research Evidence,gear,Gear & Tools,ultra,Ultramarathon,4,"In a 2024 cross-sectional field survey of 586 day hikers and 68 trail runners in Rocky Mountain National Park, only a minority met the authors' definition of 'wilderness prepared' (at least 1 liter of water, 7 of 13 of the Ten Essentials, a map or equivalent, and either two rescue devices or 8 of 15 first-aid items). Press coverage of the published version reports about 15.7% of day hikers and 25% of trail runners met it. Roughly a quarter did not tell anyone their plans, and more wilderness days per year and prior wilderness injury were associated with higher preparedness. Relevance: Shows that carrying backup items such as navigation, extra layers and emergency equipment is uncommon even among experienced recreationists, which supports asking about it directly. It was a survey of what people carried, not a study of whether carrying more gear prevents incidents.",,,,https://www.medrxiv.org/content/10.1101/2025.09.23.25336486.full.pdf,"Lambert JT, Hamer DH, Weckstein TN, Wellenius GA. Know before you go! A field survey of the preparedness of wilderness day hikers and trail runners in Rocky Mountain National Park. medRxiv preprint 2025 (doi 10.1101/2025.09.23.25336486); published in Wilderness & Environmental Medicine, 2026 (we read the preprint and press coverage, not the published article, so check figures against the published version).",Cross-sectional survey (654 participants; preprint plus 2026 publication)
Research Evidence,gear,Gear & Tools,hike,Long-Distance Hike,4,"In a 2024 cross-sectional field survey of 586 day hikers and 68 trail runners in Rocky Mountain National Park, only a minority met the authors' definition of 'wilderness prepared' (at least 1 liter of water, 7 of 13 of the Ten Essentials, a map or equivalent, and either two rescue devices or 8 of 15 first-aid items). Press coverage of the published version reports about 15.7% of day hikers and 25% of trail runners met it. Roughly a quarter did not tell anyone their plans, and more wilderness days per year and prior wilderness injury were associated with higher preparedness. Relevance: Shows that carrying backup items such as navigation, extra layers and emergency equipment is uncommon even among experienced recreationists, which supports asking about it directly. It was a survey of what people carried, not a study of whether carrying more gear prevents incidents.",,,,https://www.medrxiv.org/content/10.1101/2025.09.23.25336486.full.pdf,"Lambert JT, Hamer DH, Weckstein TN, Wellenius GA. Know before you go! A field survey of the preparedness of wilderness day hikers and trail runners in Rocky Mountain National Park. medRxiv preprint 2025 (doi 10.1101/2025.09.23.25336486); published in Wilderness & Environmental Medicine, 2026 (we read the preprint and press coverage, not the published article, so check figures against the published version).",Cross-sectional survey (654 participants; preprint plus 2026 publication)
Research Evidence,safety,Safety & Emergency Preparedness,,,5,"In a 2024 cross-sectional field survey of 586 day hikers and 68 trail runners in Rocky Mountain National Park, only a minority met the authors' definition of 'wilderness prepared' (at least 1 liter of water, 7 of 13 of the Ten Essentials, a map or equivalent, and either two rescue devices or 8 of 15 first-aid items). Press coverage of the published version reports about 15.7% of day hikers and 25% of trail runners met it. Roughly a quarter did not tell anyone their plans, and more wilderness days per year and prior wilderness injury were associated with higher preparedness. Relevance: Shows that carrying backup items such as navigation, extra layers and emergency equipment is uncommon even among experienced recreationists, which supports asking about it directly. It was a survey of what people carried, not a study of whether carrying more gear prevents incidents.",,,,https://www.medrxiv.org/content/10.1101/2025.09.23.25336486.full.pdf,"Lambert JT, Hamer DH, Weckstein TN, Wellenius GA. Know before you go! A field survey of the preparedness of wilderness day hikers and trail runners in Rocky Mountain National Park. medRxiv preprint 2025 (doi 10.1101/2025.09.23.25336486); published in Wilderness & Environmental Medicine, 2026 (we read the preprint and press coverage, not the published article, so check figures against the published version).",Cross-sectional survey (654 participants; preprint plus 2026 publication)
Research Evidence,safety,Safety & Emergency Preparedness,,,6,"In a five-year prospective surveillance study of National Outdoor Leadership School students and instructors, injuries occurred at 2.3 per 1,000 person-days and illnesses at 1.5 per 1,000 person-days. Sprains, strains and soft-tissue injuries made up 80% of injuries, and 39% of injuries and illnesses required evacuation. The authors concluded that wilderness medical efforts should concentrate on hygiene and on musculoskeletal and soft-tissue injuries, and that wilderness activities can be conducted relatively safely. Relevance: Supports planning for self-care and evacuation, since a large share of backcountry problems are minor injuries and illnesses that still end trips. The population was guided course participants, not ultrarunners or climbers on their own.",,,,https://pubmed.ncbi.nlm.nih.gov/1376973/,"Gentile DA, et al. Wilderness injuries and illnesses. Ann Emerg Med. 1992 Jul. (Volume and pages not verified.)",Prospective surveillance study
Research Evidence,gear,Gear & Tools,mountaineering,Mountaineering,4,"Accidents in North American Climbing is published annually by the American Alpine Club (since 1948) and compiles first-person and rescuer reports of the year's most significant and teachable climbing accidents, with analysis of what went wrong. Its archive holds more than 5,000 reports. Relevance: A source of case-based lessons for mountaineering and skimo contingency planning. These are curated incident reports, not a systematic or complete count, so we cite no statistic from it and it cannot show how common any cause is.",,,,https://publications.americanalpineclub.org/about_the_accidents,American Alpine Club. Accidents in North American Climbing (annual publication since 1948). About page.,"Incident reports (curated case reports, not a study)"
Research Evidence,gear,Gear & Tools,skimo,Ski Mountaineering (Skimo),4,"Accidents in North American Climbing is published annually by the American Alpine Club (since 1948) and compiles first-person and rescuer reports of the year's most significant and teachable climbing accidents, with analysis of what went wrong. Its archive holds more than 5,000 reports. Relevance: A source of case-based lessons for mountaineering and skimo contingency planning. These are curated incident reports, not a systematic or complete count, so we cite no statistic from it and it cannot show how common any cause is.",,,,https://publications.americanalpineclub.org/about_the_accidents,American Alpine Club. Accidents in North American Climbing (annual publication since 1948). About page.,"Incident reports (curated case reports, not a study)"
Research Evidence,mental,Mental Readiness & Pacing,,,3,"McCammon analyzed 715 recreational avalanche accidents in the United States (1972-2003) and described six behavioral 'heuristic traps' (familiarity, acceptance, consistency, expert halo, tracks/scarcity, social facilitation). In 73% of accidents three or more obvious danger indicators were present, almost half of the parties included formally trained people, and the link between trap cues and exposure grew with training level. The author states the results show correlations only, cannot establish causation, and should be viewed as preliminary. Relevance: Supports deciding turnaround or stopping criteria in advance, since the 'consistency' trap describes people holding to an earlier decision despite new warning signs. Avalanche accidents are not ultrarunning, so this supports the premise only.",,,,https://repository.chds.hsph.harvard.edu/repository/collection/resource-pack-role-heuristics-avalanche/resource/3657/,McCammon I. Heuristic traps in recreational avalanche accidents: evidence and implications. Avalanche News. 2004;68 (Spring).,Retrospective accident analysis (715 US avalanche accidents; avalanche-specific)
Research Evidence,training,Training & Fitness Readiness,firstMountaineeringExtra,"ADDED if ""first mountaineering"" checked",6,"McCammon analyzed 715 recreational avalanche accidents in the United States (1972-2003) and described six behavioral 'heuristic traps' (familiarity, acceptance, consistency, expert halo, tracks/scarcity, social facilitation). In 73% of accidents three or more obvious danger indicators were present, almost half of the parties included formally trained people, and the link between trap cues and exposure grew with training level. The author states the results show correlations only, cannot establish causation, and should be viewed as preliminary. Relevance: Supports asking about real competency rather than ownership of gear or a course certificate, since many accident parties included formally trained people. It does not show that more training reduces accidents.",,,,https://repository.chds.hsph.harvard.edu/repository/collection/resource-pack-role-heuristics-avalanche/resource/3657/,McCammon I. Heuristic traps in recreational avalanche accidents: evidence and implications. Avalanche News. 2004;68 (Spring).,Retrospective accident analysis (715 US avalanche accidents; avalanche-specific)
Research Evidence,training,Training & Fitness Readiness,firstMountaineeringExtra,"ADDED if ""first mountaineering"" checked",7,"McCammon analyzed 715 recreational avalanche accidents in the United States (1972-2003) and described six behavioral 'heuristic traps' (familiarity, acceptance, consistency, expert halo, tracks/scarcity, social facilitation). In 73% of accidents three or more obvious danger indicators were present, almost half of the parties included formally trained people, and the link between trap cues and exposure grew with training level. The author states the results show correlations only, cannot establish causation, and should be viewed as preliminary. Relevance: The 'expert halo' and 'social facilitation' traps describe groups deferring to a leader or taking more risk in company, which supports checking that partners have matching skills instead of assuming a leader will cover gaps.",,,,https://repository.chds.hsph.harvard.edu/repository/collection/resource-pack-role-heuristics-avalanche/resource/3657/,McCammon I. Heuristic traps in recreational avalanche accidents: evidence and implications. Avalanche News. 2004;68 (Spring).,Retrospective accident analysis (715 US avalanche accidents; avalanche-specific)
Research Evidence,training,Training & Fitness Readiness,firstMountaineeringExtra,"ADDED if ""first mountaineering"" checked",8,"McCammon analyzed 715 recreational avalanche accidents in the United States (1972-2003) and described six behavioral 'heuristic traps' (familiarity, acceptance, consistency, expert halo, tracks/scarcity, social facilitation). In 73% of accidents three or more obvious danger indicators were present, almost half of the parties included formally trained people, and the link between trap cues and exposure grew with training level. The author states the results show correlations only, cannot establish causation, and should be viewed as preliminary. Relevance: Supports a pre-decided turnaround plan; the 'consistency' trap describes sticking with an earlier plan after conditions change.",,,,https://repository.chds.hsph.harvard.edu/repository/collection/resource-pack-role-heuristics-avalanche/resource/3657/,McCammon I. Heuristic traps in recreational avalanche accidents: evidence and implications. Avalanche News. 2004;68 (Spring).,Retrospective accident analysis (715 US avalanche accidents; avalanche-specific)
Research Evidence,training,Training & Fitness Readiness,firstSkimoExtra,"ADDED if ""first skimo"" checked",7,"McCammon analyzed 715 recreational avalanche accidents in the United States (1972-2003) and described six behavioral 'heuristic traps' (familiarity, acceptance, consistency, expert halo, tracks/scarcity, social facilitation). In 73% of accidents three or more obvious danger indicators were present, almost half of the parties included formally trained people, and the link between trap cues and exposure grew with training level. The author states the results show correlations only, cannot establish causation, and should be viewed as preliminary. Relevance: Supports testing competency with avalanche gear, not just owning it, since formally trained parties were common among accident victims. Avalanche gear use itself was not measured in this study.",,,,https://repository.chds.hsph.harvard.edu/repository/collection/resource-pack-role-heuristics-avalanche/resource/3657/,McCammon I. Heuristic traps in recreational avalanche accidents: evidence and implications. Avalanche News. 2004;68 (Spring).,Retrospective accident analysis (715 US avalanche accidents; avalanche-specific)
Research Evidence,safety,Safety & Emergency Preparedness,,,5,"In an online survey of 693 people in Norway, 427 reported having been temporarily disoriented outdoors, most for a few minutes (42%) or 30-60 minutes (46%). Among the 283 who described how they recovered, the most common approaches were using maps, tools or technology (48.4%; digital maps 22.6%, paper maps 14.8%) and reading the surroundings (44.9%), followed by movement strategies such as trail-following or backtracking (40.6%). The authors note the data are self-reported, skew toward ages 20-39 and a Norwegian, well-educated sample, and the coding was not tested for inter-rater reliability. Relevance: Shows that getting disoriented outdoors is common and that people most often recover using a map or device, which supports asking whether you have a backup navigation plan. This study describes how people recover, not how often a faulty mental map causes getting lost.",,,,https://doi.org/10.1017/S0373463324000067,"Wattne OE, Volden F. Waylosing and wayfinding in the outdoors: a typology of wayfinding approaches to problem-solving when temporarily lost. The Journal of Navigation. 2024;76(6):603-626.","Cross-sectional online survey (693 respondents, Norway; self-reported)"
Research Evidence,terrain,Terrain & Route Profile,,,4,"In a representative telephone survey of 783 German-speaking adults, people described how they find their way using the Wayfinding Strategy Scale, a self-report measure of route-based strategies (following remembered landmarks and turns) and orientation strategies (a map-like sense of direction and layout). Most people used both strategies or neither rather than preferring one. Over a third of the population, mostly under age 35, did not successfully use either strategy, and the authors suggest this may reflect reliance on navigation aids. Higher education, being male and lower urbanization were associated with higher orientation scores, and dizziness or vertigo lowered both. Relevance: Supports asking how well you know the route, because knowing a route (landmarks and layout) is the basis of both strategies the study describes. It did not test outdoor or ultra routes, or whether route familiarity reduces getting lost.",,,,https://doi.org/10.1371/journal.pone.0204781,"Ulrich S, Grill E, Flanagin VL. Who gets lost and why: a representative cross-sectional survey on sociodemographic and vestibular determinants of wayfinding strategies. PLoS ONE. 2019;14(1):e0204781.","Cross-sectional survey (783 adults, Germany; self-reported, everyday wayfinding)"
Research Evidence,terrain,Terrain & Route Profile,,,5,"In a representative telephone survey of 783 German-speaking adults, people described how they find their way using the Wayfinding Strategy Scale, a self-report measure of route-based strategies (following remembered landmarks and turns) and orientation strategies (a map-like sense of direction and layout). Most people used both strategies or neither rather than preferring one. Over a third of the population, mostly under age 35, did not successfully use either strategy, and the authors suggest this may reflect reliance on navigation aids. Higher education, being male and lower urbanization were associated with higher orientation scores, and dizziness or vertigo lowered both. Relevance: Supports asking about route-finding skill as its own factor, since people differ widely in wayfinding strategy and many use neither one well. It measured everyday self-reported strategy, not wilderness route-finding.",,,,https://doi.org/10.1371/journal.pone.0204781,"Ulrich S, Grill E, Flanagin VL. Who gets lost and why: a representative cross-sectional survey on sociodemographic and vestibular determinants of wayfinding strategies. PLoS ONE. 2019;14(1):e0204781.","Cross-sectional survey (783 adults, Germany; self-reported, everyday wayfinding)"
Research Evidence,safety,Safety & Emergency Preparedness,,,5,"In a representative telephone survey of 783 German-speaking adults, people described how they find their way using the Wayfinding Strategy Scale, a self-report measure of route-based strategies (following remembered landmarks and turns) and orientation strategies (a map-like sense of direction and layout). Most people used both strategies or neither rather than preferring one. Over a third of the population, mostly under age 35, did not successfully use either strategy, and the authors suggest this may reflect reliance on navigation aids. Higher education, being male and lower urbanization were associated with higher orientation scores, and dizziness or vertigo lowered both. Relevance: Supports not relying on a single device for navigation, since many people lack a strong independent sense of direction and layout. The authors raise reliance on aids only as a possible explanation, and the study does not look at wilderness or at getting lost.",,,,https://doi.org/10.1371/journal.pone.0204781,"Ulrich S, Grill E, Flanagin VL. Who gets lost and why: a representative cross-sectional survey on sociodemographic and vestibular determinants of wayfinding strategies. PLoS ONE. 2019;14(1):e0204781.","Cross-sectional survey (783 adults, Germany; self-reported, everyday wayfinding)"
Research Evidence,training,Training & Fitness Readiness,firstHikeExtra,"ADDED if ""first hike"" checked",4,"In a representative telephone survey of 783 German-speaking adults, people described how they find their way using the Wayfinding Strategy Scale, a self-report measure of route-based strategies (following remembered landmarks and turns) and orientation strategies (a map-like sense of direction and layout). Most people used both strategies or neither rather than preferring one. Over a third of the population, mostly under age 35, did not successfully use either strategy, and the authors suggest this may reflect reliance on navigation aids. Higher education, being male and lower urbanization were associated with higher orientation scores, and dizziness or vertigo lowered both. Relevance: Supports matching route complexity to experience, since navigation ability varies widely across people. It did not study first-time hikers or complex terrain.",,,,https://doi.org/10.1371/journal.pone.0204781,"Ulrich S, Grill E, Flanagin VL. Who gets lost and why: a representative cross-sectional survey on sociodemographic and vestibular determinants of wayfinding strategies. PLoS ONE. 2019;14(1):e0204781.","Cross-sectional survey (783 adults, Germany; self-reported, everyday wayfinding)"
Research Evidence,terrain,Terrain & Route Profile,,,2,"A retrospective review of 754 search-and-rescue (SAR) or medical-need incidents in Baxter State Park, Maine (1992-2014). Traumatic injuries started 51% of incidents and late or lost parties another 30%. Slips or falls while hiking caused 67% of injuries, and 84.4% of acute need (where applicable) occurred while descending rather than ascending. Fatigue was the most commonly reported medical emergency (66% of medical SAR events) and a contributor to other injuries. Relevance: Supports treating descending as a risk of its own, since most acute need in this park occurred on the way down. It was a single park, not ultra events, and did not measure elevation loss directly. Records describe who needed rescue, not everyone who got into trouble, and they do not isolate causes such as a faulty mental map.",,,,https://journals.sagepub.com/doi/full/10.1016/j.wem.2015.08.003,"Welter CR, Sholl JM, Strout TD, Woodard B. Epidemiology of search and rescue in Baxter State Park: dangers of descent and fatigue. Wilderness Environ Med. 2015;26(4):549-554.",Retrospective review of SAR reports (754 incidents; one US park; hikers)
Research Evidence,mental,Mental Readiness & Pacing,,,2,"A retrospective review of 754 search-and-rescue (SAR) or medical-need incidents in Baxter State Park, Maine (1992-2014). Traumatic injuries started 51% of incidents and late or lost parties another 30%. Slips or falls while hiking caused 67% of injuries, and 84.4% of acute need (where applicable) occurred while descending rather than ascending. Fatigue was the most commonly reported medical emergency (66% of medical SAR events) and a contributor to other injuries. Relevance: Supports training for deep fatigue, since fatigue was the most common medical emergency and a contributor to other injuries. It did not test whether specific training reduces it. Records describe who needed rescue, not everyone who got into trouble, and they do not isolate causes such as a faulty mental map.",,,,https://journals.sagepub.com/doi/full/10.1016/j.wem.2015.08.003,"Welter CR, Sholl JM, Strout TD, Woodard B. Epidemiology of search and rescue in Baxter State Park: dangers of descent and fatigue. Wilderness Environ Med. 2015;26(4):549-554.",Retrospective review of SAR reports (754 incidents; one US park; hikers)
Research Evidence,safety,Safety & Emergency Preparedness,,,1,"A retrospective review of 754 search-and-rescue (SAR) or medical-need incidents in Baxter State Park, Maine (1992-2014). Traumatic injuries started 51% of incidents and late or lost parties another 30%. Slips or falls while hiking caused 67% of injuries, and 84.4% of acute need (where applicable) occurred while descending rather than ascending. Fatigue was the most commonly reported medical emergency (66% of medical SAR events) and a contributor to other injuries. Relevance: Late or lost parties started 30% of incidents here, which supports telling someone your plan and return window so a late party can be recognized; that link is our inference, as the study did not test it. Records describe who needed rescue, not everyone who got into trouble, and they do not isolate causes such as a faulty mental map.",,,,https://journals.sagepub.com/doi/full/10.1016/j.wem.2015.08.003,"Welter CR, Sholl JM, Strout TD, Woodard B. Epidemiology of search and rescue in Baxter State Park: dangers of descent and fatigue. Wilderness Environ Med. 2015;26(4):549-554.",Retrospective review of SAR reports (754 incidents; one US park; hikers)
Research Evidence,safety,Safety & Emergency Preparedness,,,5,"A retrospective review of 754 search-and-rescue (SAR) or medical-need incidents in Baxter State Park, Maine (1992-2014). Traumatic injuries started 51% of incidents and late or lost parties another 30%. Slips or falls while hiking caused 67% of injuries, and 84.4% of acute need (where applicable) occurred while descending rather than ascending. Fatigue was the most commonly reported medical emergency (66% of medical SAR events) and a contributor to other injuries. Relevance: About 30% of incidents involved late or lost parties, so being unable to find your way or get word out is a real but minority reason for rescue; injury and fatigue were more common in this park. Records describe who needed rescue, not everyone who got into trouble, and they do not isolate causes such as a faulty mental map.",,,,https://journals.sagepub.com/doi/full/10.1016/j.wem.2015.08.003,"Welter CR, Sholl JM, Strout TD, Woodard B. Epidemiology of search and rescue in Baxter State Park: dangers of descent and fatigue. Wilderness Environ Med. 2015;26(4):549-554.",Retrospective review of SAR reports (754 incidents; one US park; hikers)
Research Evidence,gear,Gear & Tools,ultra,Ultramarathon,3,"A retrospective review of 1,088 backcountry medical calls to Yosemite Search and Rescue (2000-2009), plus a survey of patients assisted in 2007-2009. Extremity pain was the chief complaint in 53% of cases and 46% of incidents occurred while hiking on a trail. In the patient survey, 54% described themselves as experts at the activity, 14.4% felt underprepared and 13% felt better gear would have prevented the incident. Appropriate footwear and sufficient water were the items patients most often said would have helped. The authors concluded many patients reported being experienced, well prepared and physically fit. Relevance: Patients most often named footwear and water as the items that would have helped, which supports checking footwear fit. The finding is self-reported after the fact, and extremity pain was the most common complaint. Records describe who needed rescue, not everyone who got into trouble, and they do not isolate causes such as a faulty mental map.",,,,https://journals.sagepub.com/doi/10.1016/j.wem.2012.09.001,"Boore SM, Bock D. Ten years of search and rescue in Yosemite National Park: examining the past for future prevention. Wilderness Environ Med. 2013;24(1):2-7.","Retrospective review plus patient survey (1,088 calls; one US park; self-reported)"
Research Evidence,gear,Gear & Tools,hike,Long-Distance Hike,3,"A retrospective review of 1,088 backcountry medical calls to Yosemite Search and Rescue (2000-2009), plus a survey of patients assisted in 2007-2009. Extremity pain was the chief complaint in 53% of cases and 46% of incidents occurred while hiking on a trail. In the patient survey, 54% described themselves as experts at the activity, 14.4% felt underprepared and 13% felt better gear would have prevented the incident. Appropriate footwear and sufficient water were the items patients most often said would have helped. The authors concluded many patients reported being experienced, well prepared and physically fit. Relevance: Patients most often named footwear and water as the items that would have helped, which supports checking footwear fit. The finding is self-reported after the fact, and extremity pain was the most common complaint. Records describe who needed rescue, not everyone who got into trouble, and they do not isolate causes such as a faulty mental map.",,,,https://journals.sagepub.com/doi/10.1016/j.wem.2012.09.001,"Boore SM, Bock D. Ten years of search and rescue in Yosemite National Park: examining the past for future prevention. Wilderness Environ Med. 2013;24(1):2-7.","Retrospective review plus patient survey (1,088 calls; one US park; self-reported)"
Research Evidence,terrain,Terrain & Route Profile,,,5,"A retrospective review of 1,088 backcountry medical calls to Yosemite Search and Rescue (2000-2009), plus a survey of patients assisted in 2007-2009. Extremity pain was the chief complaint in 53% of cases and 46% of incidents occurred while hiking on a trail. In the patient survey, 54% described themselves as experts at the activity, 14.4% felt underprepared and 13% felt better gear would have prevented the incident. Appropriate footwear and sufficient water were the items patients most often said would have helped. The authors concluded many patients reported being experienced, well prepared and physically fit. Relevance: Over half the patients rated themselves experts, which supports asking for concrete, practiced skills rather than self-assessed confidence alone; that reading is our inference, as the study did not compare outcomes by self-rating. Records describe who needed rescue, not everyone who got into trouble, and they do not isolate causes such as a faulty mental map.",,,,https://journals.sagepub.com/doi/10.1016/j.wem.2012.09.001,"Boore SM, Bock D. Ten years of search and rescue in Yosemite National Park: examining the past for future prevention. Wilderness Environ Med. 2013;24(1):2-7.","Retrospective review plus patient survey (1,088 calls; one US park; self-reported)"
Research Evidence,safety,Safety & Emergency Preparedness,,,2,"An analysis of National Park Service SAR data from 1992 to 2007: 65,439 incidents involving 78,488 people, with 2,659 fatalities and 24,288 ill or injured people. Hiking accounted for 48% of rescues and 22.8% of fatalities. Relevance: Hiking was the most common activity in national-park rescues, which supports knowing in advance how to reach help. These are US national park records, not ultra events. Records describe who needed rescue, not everyone who got into trouble, and they do not isolate causes such as a faulty mental map.",,,,https://pubmed.ncbi.nlm.nih.gov/19737043/,"Heggie TW, Amundson ME. Dead men walking: search and rescue in US National Parks. Wilderness Environ Med. 2009;20(3):244-249.","Retrospective analysis of national SAR database (65,439 incidents; US national parks)"
